Rk,Player,Age,G,MP,PER,TSpct,3PAr,FTr,ORBpct,DRBpct,TRBpct,ASTpct,STLpct,BLKpct,TOVpct,USGpct,OWS,DWS,WS,WS/48,OBPM,DBPM,BPM,VORP,Team
1,Jayson Tatum,25,74,2645,22.3,.604,.427,.349,2.9,20.9,12.3,21.0,1.4,1.4,10.3,30.2,6.4,4.1,10.4,.189,4.5,0.6,5.1,4.7,Boston Celtics
2,Derrick White,29,73,2381,16.9,.611,.590,.181,2.4,11.3,7.0,21.2,1.5,3.2,11.0,18.6,5.2,3.3,8.5,.171,2.4,1.4,3.8,3.5,Boston Celtics
3,Jaylen Brown,27,70,2343,18.6,.580,.326,.239,4.0,13.4,8.9,16.6,1.8,1.4,10.7,28.9,2.7,3.2,5.9,.121,0.9,-0.1,0.7,1.6,Boston Celtics
4,Jrue Holiday,33,69,2263,14.4,.597,.467,.104,4.2,13.2,8.9,19.3,1.3,2.1,14.7,16.3,3.3,3.0,6.3,.133,1.0,1.1,2.1,2.4,Boston Celtics
5,Payton Pritchard,26,82,1825,15.3,.597,.602,.088,4.3,11.1,7.8,20.7,1.1,0.3,8.5,17.2,4.2,1.9,6.1,.160,1.3,-0.2,1.0,1.4,Boston Celtics
6,Sam Hauser,26,79,1741,13.0,.629,.833,.034,2.9,13.7,8.6,6.2,1.1,1.3,5.3,15.0,2.7,2.1,4.9,.134,1.2,0.0,1.2,1.4,Boston Celtics
7,Al Horford,37,65,1740,15.0,.650,.616,.072,5.3,19.7,12.8,12.3,1.1,3.1,10.0,12.0,3.5,2.7,6.2,.172,1.7,2.0,3.6,2.5,Boston Celtics
8,Kristaps Porziņģis,28,57,1690,23.2,.647,.390,.402,6.5,19.1,13.1,10.0,1.2,5.8,9.1,25.1,4.9,3.0,7.9,.226,3.5,1.6,5.1,3.0,Boston Celtics
9,Luke Kornet,28,63,983,19.8,.736,.005,.266,13.5,15.1,14.3,8.9,1.2,5.5,8.5,11.0,3.5,1.6,5.1,.248,1.6,1.8,3.4,1.3,Boston Celtics
10,Oshae Brissett,25,55,630,12.8,.530,.359,.542,10.9,16.3,13.7,8.7,1.5,1.1,9.5,14.5,0.8,0.9,1.7,.131,-2.0,0.2,-1.8,0.0,Boston Celtics
11,Svi Mykhailiuk,26,41,413,11.7,.575,.788,.066,3.0,10.0,6.7,11.0,1.3,0.2,7.8,16.1,0.5,0.4,0.9,.106,-0.9,-0.9,-1.8,0.0,Boston Celtics
12,Neemias Queta,24,28,333,22.9,.662,.000,.269,17.9,21.5,19.8,8.5,1.9,5.5,10.1,16.9,1.1,0.7,1.8,.259,0.4,1.1,1.5,0.3,Boston Celtics
13,Xavier Tillman Sr.,25,20,274,13.3,.579,.424,.106,5.8,15.1,10.6,9.3,1.6,2.9,6.7,11.8,0.4,0.4,0.8,.142,-1.3,1.3,0.0,0.1,Boston Celtics
14,Dalano Banton,24,24,171,9.9,.468,.314,.392,7.9,13.9,11.0,13.9,1.4,1.5,14.3,17.8,0.0,0.2,0.2,.063,-4.7,0.6,-4.1,-0.1,Boston Celtics
15,Jaden Springer,21,17,130,10.9,.522,.367,.267,6.9,9.6,8.3,8.6,4.2,2.7,19.3,13.9,0.0,0.3,0.2,.092,-6.0,2.8,-3.2,0.0,Boston Celtics
16,Lamar Stevens,26,19,122,14.5,.532,.178,.244,11.1,16.1,13.7,8.9,2.4,3.6,15.3,21.0,0.0,0.2,0.2,.093,-2.9,0.9,-2.0,0.0,Boston Celtics
17,Jordan Walsh,19,9,83,8.4,.472,.600,.133,6.8,18.7,13.0,7.2,3.0,1.1,15.9,9.9,0.0,0.2,0.2,.089,-5.6,1.8,-3.8,0.0,Boston Celtics
18,JD Davison,21,8,39,18.8,.581,.583,.333,5.8,21.2,13.8,32.9,1.3,2.3,12.7,17.6,0.1,0.1,0.2,.228,1.8,1.4,3.3,0.1,Boston Celtics
19,Drew Peterson,24,3,23,18.5,.917,.833,.000,0.0,4.5,2.3,5.9,4.3,0.0,14.3,13.3,0.1,0.0,0.1,.194,3.8,1.6,5.3,0.0,Boston Celtics
1,Bam Adebayo,26,71,2416,19.8,.576,.041,.381,7.4,27.3,17.3,18.9,1.7,2.7,12.0,24.9,2.9,4.3,7.2,.144,0.8,1.7,2.4,2.7,Miami Heat
2,Jaime Jaquez Jr.,22,75,2113,12.9,.574,.290,.251,4.4,11.0,7.6,13.9,1.8,0.9,12.4,18.7,1.4,2.7,4.0,.092,-2.2,0.3,-1.9,0.1,Miami Heat
3,Jimmy Butler,34,60,2042,22.0,.626,.183,.579,5.8,11.9,8.8,23.1,1.9,0.8,9.3,24.0,6.4,2.7,9.1,.214,3.9,0.7,4.6,3.4,Miami Heat
4,Duncan Robinson,29,68,1905,12.2,.612,.701,.133,0.9,9.5,5.1,15.1,1.2,0.8,11.7,19.0,1.6,2.0,3.6,.091,-0.5,-0.4,-0.9,0.6,Miami Heat
5,Caleb Martin,28,64,1756,10.8,.531,.415,.177,4.7,13.5,9.1,11.8,1.3,1.6,11.3,17.3,0.2,2.2,2.4,.066,-2.2,0.2,-2.0,0.0,Miami Heat
6,Tyler Herro,24,42,1407,15.7,.558,.453,.151,1.5,16.5,8.9,22.4,1.1,0.2,10.6,27.8,0.4,1.6,2.0,.068,1.5,-0.7,0.8,1.0,Miami Heat
7,Haywood Highsmith,27,66,1366,11.1,.587,.584,.109,5.3,12.1,8.7,7.2,1.9,2.1,9.0,12.4,1.1,1.9,3.1,.108,-1.8,1.1,-0.7,0.5,Miami Heat
8,Josh Richardson,30,43,1103,11.4,.573,.548,.156,1.8,10.7,6.2,13.9,1.1,1.2,8.9,16.5,0.9,1.2,2.1,.093,-1.3,0.0,-1.3,0.2,Miami Heat
9,Kyle Lowry,37,37,1037,10.9,.582,.665,.174,2.7,11.5,7.0,19.5,1.9,1.4,16.9,13.5,0.8,1.4,2.2,.100,-2.0,1.3,-0.8,0.3,Miami Heat
10,Terry Rozier,29,31,975,15.1,.531,.396,.154,2.1,13.1,7.6,23.4,1.6,0.9,7.9,23.8,0.6,1.2,1.9,.092,0.4,0.3,0.7,0.7,Miami Heat
11,Kevin Love,35,55,924,18.5,.597,.680,.301,7.2,34.5,20.7,19.0,1.0,1.1,10.6,21.9,1.7,1.6,3.3,.170,2.7,1.0,3.6,1.3,Miami Heat
12,Nikola Jović,20,46,896,12.8,.583,.580,.167,3.1,21.3,12.1,14.7,1.4,1.5,12.2,17.1,0.6,1.3,1.9,.103,-0.9,1.3,0.3,0.5,Miami Heat
13,Thomas Bryant,26,38,441,19.0,.639,.148,.315,10.2,26.2,18.1,8.3,1.1,3.5,11.0,19.3,0.9,0.8,1.6,.177,-0.6,0.2,-0.4,0.2,Miami Heat
14,Orlando Robinson,23,36,304,14.0,.596,.208,.347,10.4,21.0,15.7,15.8,1.1,2.6,17.8,14.8,0.4,0.5,0.9,.135,-1.9,0.8,-1.1,0.1,Miami Heat
15,Delon Wright,31,14,286,12.9,.520,.455,.242,2.4,8.4,5.3,17.6,3.3,1.0,3.9,11.9,0.4,0.5,0.8,.136,-2.4,2.8,0.3,0.2,Miami Heat
16,Jamal Cain,24,26,259,11.5,.544,.392,.291,6.5,9.7,8.1,5.6,1.9,1.9,8.2,16.7,0.1,0.3,0.5,.089,-2.5,0.2,-2.3,0.0,Miami Heat
17,Patty Mills,35,13,213,7.9,.448,.663,.138,2.1,5.9,4.0,13.4,2.6,0.0,8.6,19.4,-0.2,0.3,0.0,.009,-5.8,0.5,-5.3,-0.2,Miami Heat
18,Dru Smith,26,9,131,12.8,.576,.515,.061,5.1,7.0,6.1,15.0,3.4,2.2,12.9,13.2,0.1,0.2,0.3,.125,-1.8,3.2,1.4,0.1,Miami Heat
19,Cole Swider,24,18,87,7.1,.540,.789,.053,1.3,7.9,4.6,8.8,0.6,1.1,17.1,24.0,-0.2,0.1,-0.1,-0.050,-2.1,-2.4,-4.5,-0.1,Miami Heat
20,R.J. Hampton,22,8,76,0.9,.336,.571,.143,3.0,6.0,4.5,13.6,0.0,0.0,16.8,10.5,-0.1,0.0,-0.1,-0.038,-8.1,-1.4,-9.5,-0.1,Miami Heat
21,Alondes Williams,24,7,16,-7.9,.296,.500,.125,0.0,7.1,3.5,0.0,0.0,6.1,19.2,29.1,-0.1,0.0,-0.1,-0.357,-17.8,-5.4,-23.2,-0.1,Miami Heat
1,Jalen Brunson,27,77,2726,23.4,.592,.319,.302,1.8,9.7,5.7,33.5,1.3,0.4,9.1,32.5,8.8,2.4,11.2,.198,6.3,-0.4,5.8,5.4,New York Knicks
2,Josh Hart,28,81,2707,11.8,.522,.380,.169,5.3,22.8,14.0,16.3,1.4,0.8,13.9,13.5,2.0,3.6,5.7,.100,-1.3,1.4,0.0,1.4,New York Knicks
3,Donte DiVincenzo,27,81,2360,16.0,.597,.702,.114,3.0,11.2,7.1,13.7,2.3,1.4,9.7,21.3,3.6,3.0,6.6,.135,2.5,0.9,3.4,3.2,New York Knicks
4,Isaiah Hartenstein,25,75,1896,18.9,.670,.008,.430,14.4,22.7,18.5,13.5,2.3,4.2,17.6,12.0,4.6,3.5,8.1,.204,0.7,2.8,3.5,2.6,New York Knicks
5,Julius Randle,29,46,1630,18.9,.569,.292,.361,6.8,22.4,14.6,22.8,0.8,0.7,14.1,29.9,1.9,1.9,3.8,.113,2.2,-0.3,1.9,1.6,New York Knicks
6,Miles McBride,23,68,1328,13.1,.590,.586,.110,2.6,5.9,4.2,12.2,1.9,0.5,5.9,16.4,2.4,1.3,3.6,.131,-0.4,0.4,-0.1,0.6,New York Knicks
7,Precious Achiuwa,24,49,1187,14.5,.564,.167,.234,13.3,19.9,16.6,6.2,1.3,4.4,14.1,14.0,1.2,1.8,3.0,.122,-1.9,0.5,-1.4,0.2,New York Knicks
8,Quentin Grimes,23,45,910,9.5,.543,.741,.119,1.7,9.2,5.4,7.8,1.7,0.3,6.5,15.3,0.7,0.9,1.5,.081,-1.9,0.4,-1.5,0.1,New York Knicks
9,OG Anunoby,26,23,802,13.0,.591,.406,.168,3.2,11.1,7.1,6.2,2.5,2.7,12.1,16.8,0.5,1.1,1.6,.097,-1.3,1.8,0.6,0.5,New York Knicks
10,Mitchell Robinson,25,31,768,16.1,.554,.000,.520,20.7,17.7,19.2,3.1,2.4,4.3,13.8,10.2,1.2,1.3,2.5,.155,-0.3,0.4,0.0,0.4,New York Knicks
11,RJ Barrett,23,26,766,14.3,.536,.335,.320,2.8,13.5,8.1,12.8,0.8,1.1,9.6,27.6,0.4,0.7,1.1,.070,-0.3,-1.7,-2.0,0.0,New York Knicks
12,Immanuel Quickley,24,30,720,17.1,.598,.484,.281,0.8,11.3,6.0,15.9,1.1,0.4,7.6,24.4,1.6,0.6,2.2,.149,2.7,-0.2,2.5,0.8,New York Knicks
13,Jericho Sims,25,45,585,10.9,.702,.000,.436,10.7,17.5,14.1,5.4,0.7,3.0,19.6,6.0,0.9,0.7,1.5,.127,-2.4,0.7,-1.8,0.0,New York Knicks
14,Bojan Bogdanović,34,29,557,10.1,.549,.496,.176,1.8,9.9,5.8,7.1,0.6,0.2,12.1,24.3,-0.2,0.4,0.2,.021,-2.4,-2.5,-4.9,-0.4,New York Knicks
15,Alec Burks,32,23,311,6.5,.420,.509,.202,2.9,11.6,7.2,9.2,1.1,0.3,8.3,26.9,-0.6,0.3,-0.4,-0.055,-4.9,-3.0,-7.8,-0.5,New York Knicks
16,Taj Gibson,38,16,165,3.2,.335,.261,.087,6.8,12.3,9.5,6.7,0.6,3.4,17.3,7.6,-0.1,0.2,0.1,.019,-6.9,0.0,-6.9,-0.2,New York Knicks
17,Malachi Flynn,25,14,60,12.5,.557,.565,.478,0.0,11.3,5.6,14.1,0.8,0.0,9.7,22.2,0.1,0.0,0.1,.093,-1.7,-0.9,-2.6,0.0,New York Knicks
18,DaQuan Jeffries,26,17,46,3.1,.391,.588,.118,0.0,12.2,6.1,14.9,0.0,2.0,14.4,19.6,-0.1,0.0,-0.1,-0.087,-5.6,-2.5,-8.1,-0.1,New York Knicks
19,Ryan Arcidiacono,29,20,45,-2.0,.000,1.000,.000,0.0,20.0,10.0,10.4,2.2,0.0,25.0,7.7,-0.1,0.1,-0.1,-0.089,-11.5,1.9,-9.6,-0.1,New York Knicks
20,Evan Fournier,31,3,39,2.2,.287,.750,.100,0.0,11.6,5.8,10.2,5.2,0.0,4.6,24.2,-0.2,0.1,-0.1,-0.108,-11.8,0.4,-11.3,-0.1,New York Knicks
21,Jacob Toppin,23,9,38,14.3,.658,.444,.222,8.8,11.9,10.3,10.9,0.0,2.5,9.2,12.4,0.1,0.0,0.1,.161,0.6,-1.3,-0.7,0.0,New York Knicks
22,Charlie Brown Jr.,26,8,37,-3.2,.300,.700,.000,3.0,3.0,3.0,0.0,0.0,5.1,16.7,14.0,-0.1,0.0,-0.1,-0.124,-10.2,-3.4,-13.6,-0.1,New York Knicks
23,Shake Milton,27,6,27,13.8,.557,.222,.222,0.0,25.0,12.5,20.9,1.9,0.0,0.0,15.8,0.1,0.0,0.1,.201,-5.7,2.2,-3.5,0.0,New York Knicks
24,Mamadi Diakite,27,3,8,-5.2,.000,1.000,.000,0.0,14.1,7.0,0.0,6.3,0.0,50.0,10.8,-0.1,0.0,0.0,-0.194,-13.5,0.7,-12.7,0.0,New York Knicks
25,Dylan Windler,27,3,7,15.5,.750,1.000,.000,0.0,16.1,8.0,20.0,0.0,0.0,0.0,12.3,0.0,0.0,0.0,.238,3.7,3.8,7.4,0.0,New York Knicks
26,Dmytro Skapintsev,25,2,2,-19.3,.000,.000,.000,0.0,0.0,0.0,0.0,0.0,0.0,0.0,21.6,0.0,0.0,0.0,-0.483,-16.0,-9.8,-25.9,0.0,New York Knicks
1,Tyrese Maxey,23,70,2626,19.8,.573,.401,.266,1.5,9.5,5.4,26.7,1.3,1.1,6.8,28.0,5.9,2.1,8.1,.147,4.1,-1.0,3.1,3.4,Philadelphia 76ers
2,Tobias Harris,31,70,2368,16.5,.576,.271,.224,3.7,17.7,10.6,13.8,1.5,1.8,8.2,20.7,3.2,2.7,5.9,.121,1.0,-0.1,0.9,1.7,Philadelphia 76ers
3,Kelly Oubre Jr.,28,68,2055,13.5,.535,.370,.264,5.0,13.5,9.2,7.3,1.8,2.1,8.2,22.4,0.6,2.4,3.0,.070,-1.5,-0.7,-2.3,-0.1,Philadelphia 76ers
4,Paul Reed,24,82,1590,17.4,.580,.119,.177,13.2,20.9,16.9,9.8,2.1,4.8,11.5,15.9,2.5,2.6,5.1,.154,-0.6,1.0,0.4,0.9,Philadelphia 76ers
5,Nicolas Batum,35,57,1475,10.3,.606,.718,.085,5.1,13.0,9.0,10.6,1.5,2.1,13.2,8.7,1.6,1.5,3.2,.104,-1.3,0.7,-0.5,0.5,Philadelphia 76ers
6,Joel Embiid,29,39,1309,34.1,.644,.163,.531,7.9,28.8,18.1,32.4,1.7,4.6,12.5,39.6,5.2,2.3,7.5,.275,8.5,3.1,11.6,4.5,Philadelphia 76ers
7,De'Anthony Melton,25,38,1023,13.4,.533,.594,.219,3.0,12.4,7.6,15.4,2.9,1.4,9.0,18.3,0.8,1.4,2.1,.099,-0.7,1.2,0.5,0.7,Philadelphia 76ers
8,Patrick Beverley,35,47,919,11.7,.547,.452,.261,3.5,14.1,8.7,21.0,1.3,1.8,15.4,14.9,0.7,0.9,1.7,.087,-1.5,0.0,-1.5,0.1,Philadelphia 76ers
9,Buddy Hield,31,32,824,13.6,.566,.634,.078,3.6,10.2,6.8,17.1,1.6,1.2,10.6,20.2,0.7,0.8,1.5,.088,1.0,-0.3,0.8,0.6,Philadelphia 76ers
10,Mo Bamba,25,57,740,15.4,.575,.323,.253,11.3,24.5,17.8,7.6,1.5,7.4,15.1,15.1,0.6,1.3,2.0,.128,-2.3,1.4,-1.0,0.2,Philadelphia 76ers
11,KJ Martin,23,58,715,10.0,.569,.135,.228,6.1,13.8,9.9,9.6,1.4,1.4,13.8,13.2,0.4,0.7,1.1,.076,-3.9,-0.1,-4.0,-0.4,Philadelphia 76ers
12,Kyle Lowry,37,23,653,11.0,.615,.659,.244,1.5,9.6,5.5,21.1,1.5,0.8,17.6,12.0,0.8,0.6,1.4,.102,-1.7,0.4,-1.3,0.1,Philadelphia 76ers
13,Marcus Morris,34,37,637,10.5,.559,.439,.176,3.1,16.1,9.4,5.7,1.0,1.6,7.9,16.3,0.3,0.6,1.0,.073,-2.3,-1.1,-3.4,-0.2,Philadelphia 76ers
14,Cameron Payne,29,31,602,13.0,.533,.525,.089,2.9,7.3,5.0,23.4,1.6,1.2,11.5,21.8,0.3,0.5,0.8,.067,0.0,-0.8,-0.7,0.2,Philadelphia 76ers
15,Danuel House Jr.,30,34,509,8.5,.575,.476,.438,3.4,9.3,6.3,7.2,1.5,0.9,13.2,12.2,0.3,0.4,0.7,.066,-3.4,-0.5,-4.0,-0.3,Philadelphia 76ers
16,Robert Covington,33,26,419,14.1,.593,.539,.270,7.5,16.1,11.7,5.3,3.9,3.5,9.9,11.4,0.5,0.8,1.3,.149,-0.9,3.0,2.2,0.4,Philadelphia 76ers
17,Jaden Springer,21,32,377,10.6,.481,.314,.288,7.2,9.8,8.5,12.6,3.3,2.7,16.4,18.2,-0.2,0.5,0.3,.038,-4.5,1.0,-3.4,-0.1,Philadelphia 76ers
18,Furkan Korkmaz,26,35,300,9.2,.519,.526,.263,1.4,9.7,5.5,11.0,2.3,0.9,10.5,13.6,0.0,0.3,0.4,.057,-3.2,0.4,-2.7,-0.1,Philadelphia 76ers
19,Ricky Council IV,22,32,289,18.6,.604,.286,.634,5.3,12.4,8.8,8.2,1.4,0.3,3.4,22.1,0.8,0.3,1.0,.173,2.1,-0.8,1.3,0.2,Philadelphia 76ers
20,Jeff Dowtin,26,12,142,18.2,.689,.528,.111,2.3,13.5,7.8,26.4,2.4,0.6,11.7,13.0,0.4,0.2,0.6,.193,2.0,1.3,3.3,0.2,Philadelphia 76ers
21,Terquavion Smith,21,16,84,14.8,.539,.761,.109,0.0,5.4,2.6,22.1,4.7,0.0,12.7,28.4,0.0,0.1,0.1,.050,0.3,0.5,0.8,0.1,Philadelphia 76ers
22,P.J. Tucker,38,3,66,4.7,.600,1.000,.000,1.6,22.1,11.7,0.0,2.2,2.8,28.6,4.6,0.0,0.1,0.1,.053,-5.2,1.2,-4.0,0.0,Philadelphia 76ers
23,Danny Green,36,2,18,0.7,.000,.500,.000,0.0,12.5,6.1,6.5,2.7,0.0,0.0,4.8,0.0,0.0,0.0,-0.035,-7.4,0.8,-6.6,0.0,Philadelphia 76ers
24,D.J. Wilson,27,2,15,31.6,.833,.333,.000,7.2,7.5,7.4,22.5,0.0,12.2,0.0,17.3,0.1,0.0,0.1,.355,15.5,7.0,22.4,0.1,Philadelphia 76ers
25,Darius Bazley,23,3,10,-1.6,.000,.000,.000,0.0,11.2,5.5,23.2,0.0,0.0,50.0,8.6,0.0,0.0,0.0,-0.142,-7.7,-0.7,-8.4,0.0,Philadelphia 76ers
26,Kenneth Lofton Jr.,21,2,9,-20.0,.167,.333,.000,0.0,37.5,18.4,0.0,0.0,0.0,25.0,38.4,-0.1,0.0,-0.1,-0.705,-23.4,-9.2,-32.6,-0.1,Philadelphia 76ers
27,Filip Petrušev,23,1,3,4.0,,,,0.0,37.5,18.4,0.0,0.0,0.0,,0.0,0.0,0.0,0.0,.061,-3.0,-1.9,-4.9,0.0,Philadelphia 76ers
28,Javonte Smart,24,1,1,0.0,,,,0.0,0.0,0.0,0.0,0.0,0.0,,0.0,0.0,0.0,0.0,.005,-6.2,-2.1,-8.3,0.0,Philadelphia 76ers
1,Damian Lillard,33,73,2579,19.6,.590,.487,.403,1.6,11.8,6.8,28.8,1.3,0.6,11.4,28.4,5.8,1.9,7.7,.143,3.4,-1.3,2.1,2.7,Milwaukee Bucks
2,Giannis Antetokounmpo,29,73,2567,29.9,.649,.091,.571,8.6,27.0,17.9,32.7,1.6,2.6,12.7,33.0,9.5,3.7,13.2,.246,6.7,2.4,9.0,7.2,Milwaukee Bucks
3,Brook Lopez,35,79,2411,14.8,.608,.535,.177,5.4,13.0,9.3,7.1,0.9,6.7,8.8,16.0,3.1,2.8,5.9,.117,0.2,0.8,1.0,1.8,Milwaukee Bucks
4,Malik Beasley,27,79,2337,10.3,.603,.751,.048,2.0,11.4,6.8,6.1,1.2,0.3,6.8,14.6,1.9,1.6,3.5,.073,-1.0,-0.8,-1.8,0.1,Milwaukee Bucks
5,Bobby Portis,28,82,2008,17.5,.581,.268,.135,7.9,24.8,16.6,7.8,1.6,1.4,8.6,22.9,2.1,2.6,4.7,.112,0.0,-0.8,-0.8,0.6,Milwaukee Bucks
6,Pat Connaughton,31,76,1676,9.6,.574,.686,.167,3.4,12.0,7.8,12.0,1.1,1.0,11.6,10.9,1.6,1.2,2.8,.080,-1.6,0.0,-1.6,0.2,Milwaukee Bucks
7,Khris Middleton,32,55,1487,17.0,.595,.384,.187,3.0,15.7,9.5,28.9,1.6,0.9,15.4,23.9,1.9,1.4,3.4,.109,1.1,0.0,1.1,1.2,Milwaukee Bucks
8,Jae Crowder,33,50,1156,8.9,.546,.615,.133,3.0,12.1,7.6,7.2,1.6,0.7,7.4,11.5,0.6,1.0,1.6,.065,-2.6,0.0,-2.6,-0.2,Milwaukee Bucks
9,Cameron Payne,29,47,702,12.6,.603,.590,.198,0.8,8.7,4.8,20.7,1.5,0.4,11.4,16.7,1.1,0.5,1.6,.108,-1.0,-0.5,-1.5,0.1,Milwaukee Bucks
10,A.J. Green,24,56,614,10.5,.617,.862,.097,1.6,9.6,5.7,6.4,0.7,0.6,5.5,15.2,0.7,0.3,1.1,.084,-0.4,-1.7,-2.1,0.0,Milwaukee Bucks
11,MarJon Beauchamp,23,48,608,9.7,.592,.452,.169,4.1,13.6,8.9,6.7,1.0,1.0,13.2,14.6,0.2,0.5,0.7,.056,-2.3,-0.9,-3.2,-0.2,Milwaukee Bucks
12,Andre Jackson Jr.,22,57,572,8.5,.596,.460,.110,8.4,13.1,10.8,10.8,1.3,0.9,21.1,10.0,0.5,0.5,1.0,.081,-3.6,0.0,-3.6,-0.2,Milwaukee Bucks
13,Patrick Beverley,35,26,543,11.4,.524,.522,.196,3.9,14.8,9.5,15.8,1.7,2.0,9.6,13.2,0.5,0.6,1.1,.095,-1.6,1.2,-0.4,0.2,Milwaukee Bucks
14,Thanasis Antetokounmpo,31,34,155,5.5,.518,.033,.067,5.1,4.2,4.6,13.9,2.2,2.2,31.2,12.5,-0.2,0.1,0.0,-0.010,-6.7,0.3,-6.4,-0.2,Milwaukee Bucks
15,Danilo Gallinari,35,17,155,7.7,.523,.459,.486,4.3,8.3,6.4,9.6,1.9,0.6,18.2,15.3,0.0,0.1,0.1,.025,-5.0,-0.2,-5.2,-0.1,Milwaukee Bucks
16,Chris Livingston,20,21,90,6.9,.547,.227,.182,3.7,21.5,12.8,7.2,1.1,0.0,17.4,13.8,0.0,0.1,0.1,.027,-7.0,-1.0,-8.0,-0.1,Milwaukee Bucks
17,Robin Lopez,35,16,65,6.6,.453,.421,.105,5.2,3.3,4.2,7.8,0.7,3.9,9.1,14.5,0.0,0.0,0.0,.007,-4.7,-1.4,-6.1,-0.1,Milwaukee Bucks
18,TyTy Washington Jr.,22,11,56,4.6,.350,.300,.000,2.0,7.7,4.9,11.4,2.6,0.0,9.1,17.0,-0.1,0.1,-0.1,-0.072,-7.1,-1.0,-8.2,-0.1,Milwaukee Bucks
19,Ryan Rollins,21,3,12,18.5,.750,.500,.000,0.0,17.9,9.1,30.9,8.0,0.0,33.3,10.8,0.0,0.0,0.0,.199,0.6,8.5,9.2,0.0,Milwaukee Bucks
20,Lindell Wigginton,25,3,8,5.6,.510,.400,.400,0.0,0.0,0.0,0.0,0.0,0.0,14.5,37.1,0.0,0.0,0.0,-0.154,-14.6,-9.2,-23.9,0.0,Milwaukee Bucks
21,Marques Bolden,25,2,3,3.0,,,,0.0,71.5,36.5,0.0,0.0,0.0,,0.0,0.0,0.0,0.0,.102,-7.8,2.3,-5.5,0.0,Milwaukee Bucks
1,Tyrese Haliburton,23,69,2224,23.3,.605,.510,.217,1.8,12.0,6.9,44.9,1.8,1.7,12.2,24.6,7.6,1.5,9.0,.195,7.3,-0.4,6.9,5.0,Indiana Pacers
2,Myles Turner,27,77,2076,19.3,.626,.356,.349,6.2,22.9,14.5,6.4,0.9,5.5,9.4,23.4,3.6,2.2,5.8,.134,1.0,-0.1,0.9,1.5,Indiana Pacers
3,Aaron Nesmith,24,72,1995,12.8,.631,.526,.216,3.6,12.0,7.8,6.6,1.5,2.0,8.4,16.0,2.8,1.3,4.1,.098,-0.3,-0.2,-0.5,0.8,Indiana Pacers
4,Obi Toppin,25,82,1730,16.5,.677,.437,.173,5.6,15.4,10.5,9.4,1.3,2.0,10.0,16.8,3.6,1.1,4.8,.132,1.8,-0.3,1.5,1.5,Indiana Pacers
5,Andrew Nembhard,24,68,1697,11.3,.573,.328,.107,2.4,7.0,4.7,20.0,1.8,0.3,15.6,16.0,1.3,0.7,2.0,.057,-1.6,-0.5,-2.2,-0.1,Indiana Pacers
6,Bennedict Mathurin,21,59,1538,13.0,.562,.323,.338,4.4,12.8,8.6,9.8,1.1,0.7,11.3,23.4,0.8,0.7,1.4,.045,-1.2,-2.3,-3.4,-0.6,Indiana Pacers
7,Buddy Hield,31,52,1336,13.1,.586,.691,.064,2.9,11.3,7.1,12.9,1.5,1.8,10.4,18.6,1.2,0.8,2.0,.070,1.0,-0.8,0.2,0.7,Indiana Pacers
8,Pascal Siakam,29,41,1303,20.7,.602,.156,.267,7.4,20.3,13.9,16.5,1.1,0.9,7.4,25.2,3.0,0.9,3.9,.143,3.0,-0.5,2.5,1.5,Indiana Pacers
9,T.J. McConnell,31,71,1291,20.9,.586,.074,.105,3.2,13.6,8.4,41.8,2.6,0.5,14.8,23.7,2.8,1.1,3.9,.143,2.9,0.1,3.0,1.6,Indiana Pacers
10,Jalen Smith,23,61,1047,20.7,.682,.365,.263,12.1,24.3,18.2,8.0,0.8,2.9,9.1,19.4,3.1,0.9,4.0,.182,3.2,-0.8,2.4,1.2,Indiana Pacers
11,Bruce Brown,27,33,981,12.2,.568,.322,.261,2.9,14.9,8.9,12.3,1.7,0.6,10.5,16.7,0.9,0.6,1.5,.074,-1.7,-0.5,-2.3,-0.1,Indiana Pacers
12,Ben Sheppard,22,57,814,8.1,.524,.681,.114,2.1,10.3,6.2,7.5,1.9,0.2,5.9,13.2,0.3,0.4,0.8,.046,-3.3,-0.1,-3.4,-0.3,Indiana Pacers
13,Isaiah Jackson,22,59,771,21.5,.689,.017,.438,13.8,21.2,17.5,8.3,2.1,6.3,12.3,17.2,2.2,1.1,3.3,.204,0.3,1.4,1.7,0.7,Indiana Pacers
14,Jarace Walker,20,33,340,11.8,.527,.500,.082,4.0,17.0,10.5,13.9,2.1,2.6,13.0,16.1,0.1,0.3,0.4,.058,-0.5,0.7,0.2,0.2,Indiana Pacers
15,Doug McDermott,32,18,204,7.7,.537,.812,.029,1.1,5.0,3.1,7.6,1.2,0.0,5.4,15.2,0.1,0.0,0.1,.024,-3.0,-2.2,-5.1,-0.2,Indiana Pacers
16,Jordan Nwora,25,18,183,12.2,.541,.439,.134,4.9,15.5,10.2,12.7,1.5,0.4,12.1,22.6,0.0,0.1,0.1,.030,-1.8,-2.2,-4.0,-0.1,Indiana Pacers
17,Kendall Brown,20,15,63,7.6,.567,.133,.533,5.4,3.6,4.5,9.3,0.0,0.0,9.7,13.7,0.1,0.0,0.1,.045,-4.2,-2.6,-6.8,-0.1,Indiana Pacers
18,James Johnson,36,9,47,5.0,.368,.200,.200,2.4,7.2,4.8,18.6,5.0,1.7,31.5,14.2,-0.1,0.1,0.0,-0.050,-8.0,2.2,-5.8,0.0,Indiana Pacers
19,Oscar Tshiebwe,24,8,42,24.8,.553,.000,.400,21.6,21.6,21.6,6.4,2.2,1.9,0.0,23.5,0.1,0.0,0.2,.221,4.5,-2.3,2.2,0.0,Indiana Pacers
20,Quenton Jackson,25,3,11,16.1,.532,.000,2.000,0.0,41.2,20.6,18.6,4.3,0.0,0.0,7.2,0.0,0.0,0.0,.203,-3.5,6.8,3.3,0.0,Indiana Pacers
21,Daniel Theis,31,1,8,-6.9,.250,.250,.000,0.0,0.0,0.0,0.0,0.0,0.0,0.0,21.0,0.0,0.0,0.0,-0.261,-13.2,-7.3,-20.5,0.0,Indiana Pacers
22,Isaiah Wong,23,1,4,-1.1,.333,.333,.000,0.0,0.0,0.0,0.0,0.0,0.0,0.0,31.4,0.0,0.0,0.0,-0.277,-11.3,-7.7,-19.0,0.0,Indiana Pacers
1,Jarrett Allen,25,77,2442,21.8,.664,.007,.383,11.3,25.8,18.7,13.2,1.1,3.0,11.2,19.4,6.8,3.9,10.7,.210,2.1,0.9,3.0,3.1,Cleveland
2,Max Strus,27,70,2239,11.7,.553,.658,.133,3.4,13.5,8.5,17.3,1.4,1.2,12.7,17.4,1.2,2.6,3.9,.083,-1.1,0.5,-0.6,0.8,Cleveland
3,Caris LeVert,29,68,1958,14.6,.524,.405,.245,2.3,13.7,8.0,25.7,1.9,1.6,11.4,23.1,1.0,2.6,3.6,.088,-0.6,0.8,0.2,1.1,Cleveland
4,Donovan Mitchell,27,55,1942,22.1,.595,.454,.292,2.7,13.4,8.1,28.3,2.6,1.4,11.1,31.4,3.6,2.9,6.4,.159,4.6,1.2,5.8,3.9,Cleveland
5,Darius Garland,24,57,1901,14.5,.560,.423,.208,1.8,7.1,4.5,29.4,1.9,0.3,16.1,25.3,0.7,2.0,2.7,.067,0.2,-1.2,-1.0,0.5,Cleveland
6,Isaac Okoro,23,69,1887,11.4,.599,.448,.285,4.0,8.2,6.1,9.5,1.5,1.6,9.1,13.9,2.1,2.0,4.2,.106,-1.8,0.7,-1.1,0.4,Cleveland
7,Georges Niang,30,82,1831,9.9,.583,.627,.095,1.4,15.5,8.5,7.5,0.8,0.9,9.9,17.6,0.5,2.0,2.4,.064,-2.5,-0.4,-2.9,-0.4,Cleveland
8,Evan Mobley,22,50,1532,20.1,.626,.107,.310,8.2,25.9,17.2,15.9,1.5,4.2,12.5,20.6,2.8,2.7,5.5,.174,0.9,2.0,2.9,1.9,Cleveland
9,Dean Wade,27,54,1108,10.2,.598,.871,.112,3.8,18.2,11.1,5.0,1.8,2.0,7.6,10.5,0.9,1.6,2.5,.110,-1.7,1.8,0.1,0.6,Cleveland
10,Sam Merrill,27,61,1069,13.1,.598,.901,.071,2.3,10.2,6.3,14.1,0.9,0.3,4.5,17.5,1.9,0.9,2.8,.125,1.3,-0.8,0.5,0.7,Cleveland
11,Craig Porter Jr.,23,51,649,15.4,.564,.149,.246,3.7,15.1,9.4,26.5,1.6,2.1,15.1,20.2,0.6,0.9,1.5,.108,-0.6,1.1,0.5,0.4,Cleveland
12,Tristan Thompson,32,49,549,13.9,.563,.008,.433,15.1,20.4,17.8,12.7,1.1,2.3,16.9,13.8,0.6,0.8,1.4,.119,-2.1,0.6,-1.4,0.1,Cleveland
13,Damian Jones,28,39,270,15.8,.659,.194,.292,8.4,17.3,12.9,7.9,1.3,4.3,13.8,15.4,0.4,0.4,0.8,.150,-1.7,1.2,-0.5,0.1,Cleveland
14,Marcus Morris,34,12,180,8.0,.552,.492,.136,3.2,12.3,7.8,7.7,0.5,1.0,15.0,18.0,-0.1,0.2,0.1,.015,-3.2,-1.9,-5.1,-0.1,Cleveland
15,Emoni Bates,20,15,133,2.6,.404,.673,.082,0.9,10.9,5.9,10.0,0.4,1.4,13.6,19.5,-0.4,0.1,-0.3,-0.092,-6.2,-3.0,-9.2,-0.2,Cleveland
16,Isaiah Mobley,24,10,72,8.1,.471,.417,.042,4.7,10.8,7.8,11.5,1.4,0.0,7.6,16.2,0.0,0.1,0.0,.032,-4.5,-2.1,-6.6,-0.1,Cleveland
17,Pete Nance,23,8,27,-3.9,.218,.167,.333,0.0,12.3,6.2,0.0,1.8,0.0,12.7,12.9,-0.1,0.0,-0.1,-0.154,-11.9,-3.2,-15.2,-0.1,Cleveland
18,Ty Jerome,26,2,15,7.6,.500,.250,.000,7.6,0.0,3.7,27.3,0.0,0.0,20.0,14.7,0.0,0.0,0.0,.040,-4.1,-0.8,-4.9,0.0,Cleveland
1,Paolo Banchero,21,80,2799,17.3,.546,.249,.397,3.4,20.0,11.6,25.2,1.3,1.6,13.0,29.7,1.3,4.0,5.3,.090,1.3,0.0,1.3,2.3,Orlando Magic
2,Franz Wagner,22,72,2337,17.6,.575,.305,.291,3.6,15.7,9.6,18.8,1.6,1.1,10.0,25.7,3.1,3.2,6.4,.131,0.9,0.3,1.2,1.9,Orlando Magic
3,Jalen Suggs,22,75,2025,14.1,.602,.539,.218,2.8,10.6,6.6,15.0,2.6,2.2,14.4,19.7,1.5,3.2,4.7,.112,-0.6,1.6,1.0,1.5,Orlando Magic
4,Cole Anthony,23,81,1817,14.6,.545,.360,.286,4.1,16.1,10.1,19.8,1.7,1.9,12.8,23.7,0.9,2.7,3.6,.096,-0.6,0.7,0.1,1.0,Orlando Magic
5,Moritz Wagner,26,80,1415,20.6,.676,.208,.370,9.6,19.3,14.4,11.2,1.4,1.4,13.1,22.8,3.5,2.0,5.6,.188,1.7,0.3,2.0,1.4,Orlando Magic
6,Wendell Carter Jr.,24,55,1406,15.9,.623,.402,.315,9.3,22.7,15.9,9.9,1.2,1.9,12.3,17.2,2.2,2.1,4.4,.149,0.5,0.4,0.9,1.0,Orlando Magic
7,Gary Harris,29,54,1297,9.4,.587,.690,.152,2.2,6.1,4.1,9.1,1.9,1.0,8.9,11.7,1.1,1.5,2.7,.099,-2.3,1.1,-1.2,0.3,Orlando Magic
8,Joe Ingles,36,68,1169,10.6,.612,.709,.150,1.8,12.6,7.1,23.0,1.8,0.4,21.7,11.6,1.1,1.5,2.6,.108,-1.7,1.2,-0.5,0.5,Orlando Magic
9,Anthony Black,20,69,1164,8.4,.560,.381,.324,3.3,10.8,7.0,10.6,1.5,1.7,16.6,12.7,0.1,1.5,1.6,.067,-3.8,0.8,-3.0,-0.3,Orlando Magic
10,Goga Bitadze,24,62,957,17.8,.629,.067,.416,13.3,21.9,17.5,11.7,1.7,7.0,15.1,13.3,1.8,1.9,3.7,.186,-0.7,2.8,2.1,1.0,Orlando Magic
11,Jonathan Isaac,26,58,914,19.2,.610,.392,.287,9.3,24.2,16.7,4.8,2.3,7.1,7.7,16.7,1.5,2.1,3.6,.188,1.4,2.4,3.8,1.4,Orlando Magic
12,Markelle Fultz,25,43,910,12.6,.492,.055,.101,7.2,10.7,8.9,19.7,2.3,1.5,12.8,18.8,0.0,1.3,1.3,.069,-2.6,1.2,-1.4,0.1,Orlando Magic
13,Caleb Houstan,21,59,815,8.3,.582,.937,.126,4.0,8.1,6.1,4.8,0.9,0.5,6.9,12.5,0.7,0.8,1.5,.089,-1.4,-0.5,-1.9,0.0,Orlando Magic
14,Chuma Okeke,25,47,432,6.9,.465,.732,.063,4.9,17.0,10.9,6.2,1.0,1.5,12.2,13.3,-0.3,0.6,0.3,.029,-3.2,-0.2,-3.4,-0.2,Orlando Magic
15,Trevelin Queen,26,14,165,8.3,.462,.447,.316,2.1,12.2,7.1,14.5,2.1,2.8,13.9,13.3,-0.1,0.3,0.2,.056,-4.7,1.4,-3.4,-0.1,Orlando Magic
16,Admiral Schofield,26,23,84,6.0,.484,.615,.077,4.2,19.7,11.9,11.6,0.6,0.0,15.7,16.6,-0.1,0.1,0.0,.006,-4.1,-0.8,-4.9,-0.1,Orlando Magic
17,Jett Howard,20,18,67,8.6,.457,.833,.133,1.7,10.6,6.1,13.0,1.5,2.8,8.6,22.7,-0.1,0.1,0.0,.005,-1.4,-0.3,-1.8,0.0,Orlando Magic
18,Kevon Harris,26,2,6,11.1,.667,.000,.000,0.0,39.5,19.6,33.0,0.0,0.0,25.0,29.1,0.0,0.0,0.0,.038,-15.5,-0.3,-15.8,0.0,Orlando Magic
1,Shai Gilgeous-Alexander,25,75,2553,29.3,.636,.181,.436,3.0,14.7,9.1,29.8,2.8,2.4,8.4,32.8,10.5,4.2,14.6,.275,6.7,2.3,9.0,7.1,Oklahoma City Thunder
2,Chet Holmgren,21,82,2413,20.4,.632,.366,.289,6.2,23.1,15.0,11.6,1.1,7.3,10.9,21.6,4.6,4.4,8.9,.178,1.8,1.5,3.4,3.3,Oklahoma City Thunder
3,Luguentz Dort,24,79,2246,11.1,.593,.603,.236,3.8,10.0,7.0,6.3,1.5,1.9,9.3,15.4,2.0,2.5,4.6,.097,-1.4,-0.2,-1.6,0.2,Oklahoma City Thunder
4,Jalen Williams,22,71,2223,19.1,.621,.243,.223,1.9,11.8,7.1,21.3,1.7,1.9,10.1,23.7,4.5,2.7,7.3,.157,2.0,0.3,2.3,2.4,Oklahoma City Thunder
5,Josh Giddey,21,80,2011,16.6,.547,.287,.146,6.4,21.5,14.2,26.6,1.2,2.0,15.7,23.1,1.4,2.9,4.3,.102,1.0,0.4,1.5,1.8,Oklahoma City Thunder
6,Cason Wallace,20,82,1692,12.0,.612,.529,.084,3.6,8.6,6.2,8.9,2.2,2.0,8.9,12.9,1.9,2.1,4.0,.115,-0.9,1.0,0.1,0.9,Oklahoma City Thunder
7,Isaiah Joe,24,78,1445,13.4,.626,.728,.107,2.6,11.0,6.9,8.9,1.5,1.4,8.5,16.6,1.9,1.6,3.5,.116,1.1,-0.3,0.9,1.0,Oklahoma City Thunder
8,Aaron Wiggins,25,78,1228,15.6,.664,.334,.188,5.7,11.0,8.4,9.3,2.2,1.4,12.1,16.4,2.1,1.6,3.7,.144,0.4,0.4,0.7,0.8,Oklahoma City Thunder
9,Kenrich Williams,29,69,1029,11.9,.568,.504,.050,6.9,15.4,11.3,11.4,1.8,0.8,10.1,13.4,1.1,1.3,2.5,.115,-1.1,0.3,-0.8,0.3,Oklahoma City Thunder
10,Jaylin Williams,21,69,897,12.7,.561,.632,.180,4.7,23.7,14.5,15.0,1.5,2.8,12.1,13.5,1.0,1.5,2.4,.130,-0.8,1.9,1.1,0.7,Oklahoma City Thunder
11,Gordon Hayward,33,26,447,10.3,.560,.274,.368,3.4,12.2,8.0,11.5,1.3,0.2,10.9,13.4,0.4,0.5,0.8,.088,-2.4,-0.2,-2.6,-0.1,Oklahoma City Thunder
12,Ousmane Dieng,20,33,365,10.1,.540,.603,.138,3.2,12.0,7.8,12.9,1.1,1.3,13.4,16.9,0.0,0.4,0.4,.055,-2.3,-0.7,-3.0,-0.1,Oklahoma City Thunder
13,Vasilije Micić,30,30,361,8.0,.498,.495,.209,0.3,6.8,3.7,25.7,1.2,0.8,22.6,15.4,-0.1,0.3,0.2,.021,-3.9,-1.4,-5.3,-0.3,Oklahoma City Thunder
14,Lindy Waters III,26,38,280,15.3,.653,.817,.019,2.9,12.6,8.0,11.5,0.9,2.3,6.3,17.3,0.6,0.3,0.9,.150,2.4,-0.5,1.9,0.3,Oklahoma City Thunder
15,Tre Mann,22,13,119,14.2,.606,.475,.025,3.9,18.0,11.2,22.3,1.2,0.0,18.2,18.0,0.1,0.1,0.3,.102,0.4,-0.2,0.1,0.1,Oklahoma City Thunder
16,Olivier Sarr,24,15,98,14.8,.664,.316,.789,11.8,28.5,20.5,2.5,0.0,6.6,10.5,12.7,0.2,0.2,0.4,.186,-2.6,-0.1,-2.6,0.0,Oklahoma City Thunder
17,Mike Muscala,32,16,91,4.3,.379,.500,.045,8.9,16.5,12.9,5.3,0.5,1.0,15.1,12.6,-0.1,0.1,0.0,-0.017,-6.4,-1.6,-8.0,-0.1,Oklahoma City Thunder
18,Dāvis Bertāns,31,15,91,17.3,.675,.923,.577,2.5,9.4,6.1,12.2,1.6,3.1,3.0,16.0,0.3,0.1,0.4,.229,3.2,0.8,4.0,0.1,Oklahoma City Thunder
19,Bismack Biyombo,31,10,73,8.9,.580,.000,.667,7.9,19.1,13.7,3.3,0.7,3.8,20.5,11.6,0.0,0.1,0.1,.066,-5.4,0.2,-5.2,-0.1,Oklahoma City Thunder
20,Keyontae Johnson,23,9,66,1.6,.344,.188,.000,7.0,9.8,8.4,7.2,0.7,0.0,20.0,13.1,-0.1,0.1,-0.1,-0.068,-7.5,-2.2,-9.8,-0.1,Oklahoma City Thunder
21,Aleksej Pokusevski,22,10,60,2.5,.338,.688,.250,3.9,14.3,9.3,9.7,0.8,1.5,14.5,15.0,-0.1,0.1,-0.1,-0.063,-7.7,-2.2,-9.9,-0.1,Oklahoma City Thunder
22,Adam Flagler,24,2,14,0.6,.214,.857,.000,0.0,0.0,0.0,33.6,0.0,0.0,0.0,21.7,0.0,0.0,0.0,-0.159,-6.7,-3.9,-10.6,0.0,Oklahoma City Thunder
1,Herbert Jones,25,76,2321,13.2,.636,.464,.269,3.6,9.4,6.5,11.3,2.2,2.6,12.4,14.1,3.3,3.0,6.3,.131,-0.9,1.5,0.6,1.6,New Orleans Pelicans
2,Zion Williamson,23,70,2207,22.8,.610,.016,.452,6.2,14.2,10.2,26.5,1.7,2.1,12.8,29.7,4.7,2.8,7.5,.164,3.3,0.6,3.8,3.3,New Orleans Pelicans
3,CJ McCollum,32,66,2159,17.9,.592,.528,.132,2.0,12.6,7.4,21.4,1.4,1.9,9.0,24.7,3.5,2.4,5.9,.132,3.3,-0.3,3.1,2.8,New Orleans Pelicans
4,Brandon Ingram,26,64,2103,18.2,.578,.238,.302,2.3,14.7,8.6,26.7,1.2,1.9,12.4,27.2,2.7,2.4,5.1,.117,1.4,-0.3,1.2,1.7,New Orleans Pelicans
5,Jonas Valančiūnas,31,82,1925,19.8,.619,.167,.285,10.9,30.6,20.9,13.3,0.8,3.5,12.1,20.8,3.9,3.1,7.1,.177,0.7,0.5,1.2,1.6,New Orleans Pelicans
6,Trey Murphy III,23,57,1690,16.3,.612,.717,.243,2.8,15.5,9.2,10.2,1.5,1.6,4.7,18.6,3.4,2.0,5.4,.154,2.5,0.0,2.5,1.9,New Orleans Pelicans
7,Dyson Daniels,20,61,1358,12.0,.529,.434,.170,5.1,14.1,9.7,15.4,3.1,1.8,15.0,12.6,0.7,2.2,2.9,.103,-1.9,2.5,0.6,0.9,New Orleans Pelicans
8,Naji Marshall,26,66,1257,12.7,.576,.409,.234,4.8,16.4,10.6,13.6,1.9,0.9,13.8,16.3,1.0,1.6,2.6,.100,-1.3,0.5,-0.7,0.4,New Orleans Pelicans
9,Larry Nance Jr.,31,61,1216,14.9,.653,.270,.253,8.7,19.3,14.1,12.1,2.5,1.5,15.5,11.3,2.1,1.9,4.1,.160,-0.2,2.2,2.0,1.2,New Orleans Pelicans
10,Jordan Hawkins,21,67,1160,10.2,.533,.654,.175,2.8,11.3,7.1,8.2,0.8,0.6,7.5,19.9,0.3,1.0,1.3,.053,-1.3,-1.7,-3.1,-0.3,New Orleans Pelicans
11,Jose Alvarado,25,56,1028,12.5,.540,.600,.151,2.7,11.0,6.9,15.3,2.8,1.4,9.8,17.3,0.6,1.5,2.1,.097,-1.5,1.5,-0.1,0.5,New Orleans Pelicans
12,Matt Ryan,26,28,390,9.0,.638,.805,.124,1.7,9.6,5.7,6.1,0.8,0.3,13.8,15.4,0.2,0.3,0.5,.065,-1.4,-1.3,-2.7,-0.1,New Orleans Pelicans
13,Jeremiah Robinson-Earl,23,39,334,11.8,.564,.411,.168,7.8,17.5,12.7,8.4,1.5,1.2,13.6,15.4,0.2,0.4,0.6,.086,-1.9,-0.3,-2.2,0.0,New Orleans Pelicans
14,Cody Zeller,31,43,320,12.8,.483,.048,.613,16.9,22.0,19.5,15.2,1.4,1.5,16.9,12.9,0.4,0.4,0.8,.124,-2.9,0.3,-2.6,0.0,New Orleans Pelicans
15,Kira Lewis Jr.,22,15,144,5.7,.387,.385,.212,3.1,7.6,5.4,16.2,1.7,0.7,12.3,19.6,-0.3,0.1,-0.1,-0.045,-6.4,-1.1,-7.5,-0.2,New Orleans Pelicans
16,Dereon Seabron,23,6,55,9.2,.448,.154,.462,2.0,12.0,7.1,11.2,1.8,1.8,0.0,12.4,0.0,0.1,0.1,.087,-2.7,1.2,-1.5,0.0,New Orleans Pelicans
17,E.J. Liddell,23,8,23,4.3,.291,.833,.333,0.0,23.9,12.1,5.2,4.3,8.6,22.5,16.8,-0.1,0.1,0.0,-0.091,-8.7,4.0,-4.7,0.0,New Orleans Pelicans
18,Kaiser Gates,27,1,7,-19.9,.000,.500,.000,0.0,15.7,8.0,0.0,0.0,0.0,0.0,24.9,-0.1,0.0,-0.1,-0.558,-18.6,-10.1,-28.8,-0.1,New Orleans Pelicans
19,Jalen Crutcher,24,1,3,-12.6,.000,.000,.000,0.0,0.0,0.0,0.0,0.0,0.0,0.0,14.5,0.0,0.0,0.0,-0.334,-18.5,-7.8,-26.2,0.0,New Orleans Pelicans
20,Izaiah Brockington,24,1,3,26.6,.400,.200,.000,37.6,36.7,37.1,0.0,0.0,0.0,0.0,72.5,0.0,0.0,0.0,-0.177,-9.2,-8.5,-17.8,0.0,New Orleans Pelicans
1,Nikola Jokić,28,79,2737,31.0,.650,.164,.310,9.3,29.6,19.8,42.0,2.0,2.1,12.9,29.3,12.0,5.1,17.0,.299,9.0,4.2,13.2,10.6,Denver Nuggets
2,Michael Porter Jr.,25,81,2565,15.5,.601,.513,.102,4.7,19.3,12.2,6.7,0.8,1.8,7.5,20.7,3.1,3.1,6.2,.115,1.2,-1.2,0.1,1.3,Denver Nuggets
3,Kentavious Caldwell-Pope,30,76,2402,10.7,.602,.525,.193,1.5,6.8,4.2,9.5,2.0,1.5,10.5,12.9,2.2,2.6,4.8,.096,-2.1,0.7,-1.4,0.4,Denver Nuggets
4,Aaron Gordon,28,73,2297,16.8,.607,.193,.376,8.6,13.9,11.4,15.2,1.2,1.7,11.2,17.8,4.5,2.6,7.1,.148,1.2,0.1,1.3,1.9,Denver Nuggets
5,Jamal Murray,26,59,1861,20.7,.586,.346,.187,2.6,11.6,7.2,31.2,1.5,1.8,10.5,27.9,3.8,2.1,5.9,.153,4.5,-0.4,4.1,2.9,Denver Nuggets
6,Reggie Jackson,33,82,1817,11.7,.521,.376,.130,2.1,7.2,4.7,23.0,1.2,0.6,11.7,21.7,0.6,1.5,2.1,.056,-1.8,-1.5,-3.2,-0.6,Denver Nuggets
7,Christian Braun,22,82,1655,12.1,.554,.340,.277,5.4,14.8,10.2,10.2,1.3,1.8,9.2,15.7,1.5,2.0,3.4,.100,-1.7,-0.2,-1.9,0.0,Denver Nuggets
8,Peyton Watson,21,80,1488,11.8,.539,.340,.237,4.3,14.6,9.6,7.4,1.4,5.0,10.5,16.2,0.3,2.2,2.5,.079,-3.0,0.8,-2.2,-0.1,Denver Nuggets
9,Justin Holiday,34,58,862,9.7,.598,.701,.021,1.2,7.8,4.6,9.5,2.1,0.9,6.7,10.6,0.9,0.9,1.8,.101,-2.5,0.9,-1.6,0.1,Denver Nuggets
10,Zeke Nnaji,23,58,576,12.4,.528,.154,.416,12.1,12.2,12.1,7.0,1.3,5.6,13.3,15.4,0.4,0.8,1.2,.099,-3.8,0.1,-3.7,-0.2,Denver Nuggets
11,Julian Strawther,21,50,545,8.2,.482,.622,.140,1.0,11.1,6.2,11.3,1.5,1.1,8.9,20.7,-0.4,0.6,0.2,.015,-4.6,-1.4,-6.0,-0.6,Denver Nuggets
12,DeAndre Jordan,35,36,396,16.0,.610,.000,.570,15.6,28.0,22.0,8.5,0.8,3.4,16.5,15.4,0.6,0.6,1.2,.147,-1.7,-0.1,-1.7,0.0,Denver Nuggets
13,Collin Gillespie,24,24,225,11.0,.586,.551,.174,0.5,9.6,5.2,15.5,2.9,0.0,15.9,17.1,0.1,0.3,0.4,.076,-3.7,0.9,-2.7,0.0,Denver Nuggets
14,Jalen Pickett,24,27,122,9.7,.571,.714,.114,0.9,11.5,6.4,21.7,1.6,0.0,19.7,16.4,0.0,0.1,0.2,.065,-2.7,-0.5,-3.3,0.0,Denver Nuggets
15,Braxton Key,26,20,60,16.5,.536,.294,.471,5.7,26.9,16.6,18.8,1.7,1.4,4.6,15.7,0.1,0.1,0.2,.180,0.5,1.6,2.1,0.1,Denver Nuggets
16,Jay Huff,25,20,49,18.5,.724,.600,.133,4.7,19.8,12.4,5.6,2.0,5.2,5.9,15.0,0.1,0.1,0.2,.212,-0.3,1.6,1.3,0.0,Denver Nuggets
17,Hunter Tyson,23,18,48,6.0,.500,.700,.000,2.4,18.0,10.4,5.6,1.0,0.0,9.1,20.0,0.0,0.1,0.0,.007,-6.8,-2.1,-8.9,-0.1,Denver Nuggets
1,Anthony Davis,30,76,2700,25.8,.621,.083,.402,10.4,28.3,19.8,15.5,1.6,5.7,9.5,26.7,7.2,4.7,11.8,.210,3.5,1.7,5.1,4.9,Los Angeles Lakers
2,Austin Reaves,25,82,2629,15.5,.613,.447,.289,2.5,11.9,7.4,23.5,1.2,0.8,14.1,20.3,3.9,2.0,5.9,.108,0.9,-0.4,0.4,1.6,Los Angeles Lakers
3,LeBron James,39,71,2504,23.7,.630,.286,.318,2.8,19.3,11.5,37.5,1.7,1.3,14.5,29.2,5.7,2.8,8.5,.164,5.5,0.9,6.5,5.4,Los Angeles Lakers
4,D'Angelo Russell,27,76,2484,16.0,.588,.505,.178,1.3,8.9,5.3,27.6,1.3,1.3,11.8,23.0,3.3,1.8,5.1,.099,1.7,-0.8,0.9,1.8,Los Angeles Lakers
5,Taurean Prince,29,78,2108,8.8,.579,.622,.119,1.2,10.5,6.1,7.2,1.3,1.4,10.8,13.8,0.3,1.7,1.9,.043,-2.6,-0.2,-2.8,-0.4,Los Angeles Lakers
6,Rui Hachimura,25,68,1826,15.0,.628,.343,.198,3.7,13.7,8.9,6.3,1.1,1.2,5.9,18.5,2.7,1.5,4.1,.108,0.0,-0.9,-0.9,0.5,Los Angeles Lakers
7,Cam Reddish,24,48,984,7.7,.504,.470,.231,3.2,7.7,5.6,6.0,2.3,1.2,10.7,12.7,-0.3,0.9,0.6,.030,-4.0,0.8,-3.2,-0.3,Los Angeles Lakers
8,Max Christie,20,67,944,8.4,.544,.490,.191,1.9,14.2,8.4,8.0,1.0,1.6,11.8,13.6,-0.1,0.8,0.7,.036,-3.2,-0.4,-3.6,-0.4,Los Angeles Lakers
9,Jaxson Hayes,23,70,877,14.0,.718,.046,.469,9.2,17.1,13.4,5.0,1.8,2.9,16.9,12.5,1.4,1.1,2.5,.135,-2.8,0.9,-1.9,0.0,Los Angeles Lakers
10,Christian Wood,28,50,872,12.3,.568,.432,.356,5.2,26.1,16.2,7.4,0.9,3.3,14.1,17.6,0.0,1.1,1.2,.064,-2.6,-0.2,-2.8,-0.2,Los Angeles Lakers
11,Spencer Dinwiddie,30,28,678,8.0,.586,.638,.355,0.7,6.7,3.9,12.2,0.9,1.7,15.1,12.2,0.3,0.4,0.7,.052,-3.2,-0.1,-3.2,-0.2,Los Angeles Lakers
12,Jarred Vanderbilt,24,29,581,11.6,.578,.237,.316,8.3,17.7,13.2,7.7,2.9,0.7,17.7,11.7,0.3,0.8,1.1,.089,-2.9,1.3,-1.6,0.0,Los Angeles Lakers
13,Gabe Vincent,27,11,218,3.1,.341,.571,.041,2.1,2.4,2.3,11.6,2.0,0.0,9.1,10.9,-0.3,0.1,-0.1,-0.033,-6.9,0.4,-6.5,-0.2,Los Angeles Lakers
14,Jalen Hood-Schifino,20,21,109,-1.5,.316,.333,.444,2.1,10.7,6.6,9.1,1.3,1.6,14.3,24.9,-0.6,0.1,-0.5,-0.222,-12.4,-3.7,-16.1,-0.4,Los Angeles Lakers
15,Maxwell Lewis,21,34,103,-3.9,.246,.429,.143,2.3,2.1,2.2,6.8,0.9,0.8,30.9,13.6,-0.5,0.0,-0.4,-0.195,-10.3,-3.2,-13.5,-0.3,Los Angeles Lakers
16,Skylar Mays,26,17,77,12.3,.524,.238,.000,1.5,6.9,4.3,16.8,4.3,1.1,8.7,12.9,0.0,0.1,0.1,.092,-3.5,2.9,-0.6,0.0,Los Angeles Lakers
17,Colin Castleton,23,16,59,13.0,.644,.000,.375,11.9,10.8,11.3,6.8,1.6,0.0,13.9,15.8,0.1,0.0,0.2,.128,-3.9,-1.4,-5.2,0.0,Los Angeles Lakers
18,D'Moi Hodge,25,7,41,6.1,.441,.800,.133,0.0,0.0,0.0,15.6,1.2,2.1,5.9,17.8,0.0,0.0,0.0,-0.019,-3.7,-2.6,-6.3,0.0,Los Angeles Lakers
19,Dylan Windler,27,8,28,15.9,.667,.889,.000,0.0,11.3,6.0,28.2,0.0,0.0,0.0,13.9,0.1,0.0,0.1,.194,3.8,-0.6,3.2,0.0,Los Angeles Lakers
20,Harry Giles,25,7,19,-1.0,.167,.500,.000,0.0,22.3,11.7,0.0,2.5,0.0,0.0,13.6,-0.1,0.0,-0.1,-0.162,-9.7,-3.2,-12.9,-0.1,Los Angeles Lakers
21,Alex Fudge,20,4,14,-1.9,.291,.333,.333,16.7,0.0,7.9,0.0,0.0,0.0,12.7,24.3,-0.1,0.0,-0.1,-0.222,-9.9,-8.3,-18.1,-0.1,Los Angeles Lakers
1,Anthony Edwards,22,79,2770,19.7,.575,.341,.325,2.2,14.8,8.8,24.6,1.8,1.3,11.9,32.3,2.9,4.7,7.5,.130,2.7,0.5,3.3,3.7,Minnesota Timberwolves
2,Rudy Gobert,31,76,2593,19.3,.675,.005,.635,13.1,29.2,21.5,5.6,1.0,5.5,13.1,15.4,5.8,5.8,11.6,.216,0.1,1.7,1.8,2.5,Minnesota Timberwolves
3,Mike Conley,36,76,2193,15.8,.627,.629,.174,2.0,9.0,5.6,28.4,2.0,0.7,12.8,16.0,5.0,3.3,8.2,.180,2.0,1.4,3.4,3.0,Minnesota Timberwolves
4,Jaden McDaniels,23,72,2105,9.4,.571,.406,.126,3.2,8.7,6.0,6.8,1.5,1.8,11.6,15.7,0.3,3.1,3.4,.077,-3.3,0.7,-2.6,-0.3,Minnesota Timberwolves
5,Karl-Anthony Towns,28,62,2026,18.8,.625,.344,.307,5.5,22.6,14.4,15.1,1.0,1.8,14.1,27.4,2.6,3.6,6.3,.148,1.6,0.9,2.5,2.3,Minnesota Timberwolves
6,Naz Reid,24,81,1964,16.0,.595,.479,.174,4.4,19.3,12.2,8.3,1.6,3.3,10.8,23.1,1.1,3.8,4.9,.120,0.4,1.1,1.5,1.7,Minnesota Timberwolves
7,Nickeil Alexander-Walker,25,82,1921,10.9,.578,.623,.121,2.2,7.5,4.9,14.5,1.6,1.9,11.8,14.8,1.5,2.8,4.3,.107,-1.1,1.3,0.2,1.1,Minnesota Timberwolves
8,Kyle Anderson,30,79,1782,12.7,.513,.111,.316,4.0,13.0,8.7,25.0,2.0,2.3,15.6,14.5,1.4,3.1,4.5,.121,-1.6,2.7,1.1,1.4,Minnesota Timberwolves
9,Jordan McLaughlin,27,56,626,15.5,.638,.614,.124,3.4,9.4,6.5,23.7,2.8,1.0,11.1,12.1,1.4,1.1,2.5,.193,1.4,2.9,4.2,1.0,Minnesota Timberwolves
10,Shake Milton,27,38,491,8.3,.496,.331,.275,1.7,9.7,5.9,14.1,1.6,0.9,13.5,18.7,-0.3,0.7,0.4,.039,-4.8,0.6,-4.2,-0.3,Minnesota Timberwolves
11,Troy Brown Jr.,24,37,410,11.6,.603,.712,.186,4.1,15.4,10.0,11.7,1.0,0.4,12.4,15.7,0.4,0.6,1.0,.118,-0.2,0.5,0.4,0.2,Minnesota Timberwolves
12,Monte Morris,28,27,408,13.9,.537,.492,.142,1.5,10.6,6.3,20.4,2.2,1.7,3.8,14.3,0.6,0.7,1.3,.154,-0.2,2.2,2.0,0.4,Minnesota Timberwolves
13,T.J. Warren,30,11,125,9.2,.479,.317,.098,4.8,14.8,10.0,10.1,1.6,0.7,8.6,16.5,0.0,0.2,0.2,.060,-5.0,0.5,-4.5,-0.1,Minnesota Timberwolves
14,Luka Garza,25,25,122,21.8,.576,.427,.333,18.6,10.7,14.4,5.9,1.6,0.7,6.5,33.3,0.2,0.2,0.4,.166,0.6,-2.7,-2.1,0.0,Minnesota Timberwolves
15,Josh Minott,21,32,91,20.4,.593,.278,.389,5.2,15.5,10.6,13.2,2.7,4.9,4.5,21.4,0.2,0.2,0.4,.222,1.8,3.3,5.1,0.2,Minnesota Timberwolves
16,Wendell Moore Jr.,22,25,75,8.6,.500,.333,.000,0.0,17.4,9.1,10.9,3.3,1.2,18.2,13.0,-0.1,0.2,0.1,.052,-6.1,3.3,-2.8,0.0,Minnesota Timberwolves
17,Leonard Miller,20,17,52,27.0,.694,.250,.100,11.5,31.3,21.8,25.5,1.9,1.7,4.6,18.6,0.2,0.1,0.3,.323,5.9,3.7,9.6,0.2,Minnesota Timberwolves
18,Daishen Nix,21,15,50,12.3,.507,.708,.250,2.4,4.3,3.4,17.8,4.9,0.0,15.8,28.0,-0.1,0.1,0.0,.014,-2.8,1.4,-1.4,0.0,Minnesota Timberwolves
19,Justin Jackson,28,2,1,0.0,,,,0.0,0.0,0.0,0.0,0.0,0.0,,0.0,0.0,0.0,0.0,.031,-6.3,-1.2,-7.5,0.0,Minnesota Timberwolves
1,Kevin Durant,35,75,2791,21.2,.626,.283,.295,1.7,17.5,10.0,22.2,1.2,2.9,13.1,29.0,5.1,3.2,8.3,.142,4.0,0.1,4.0,4.3,PHO
2,Grayson Allen,28,75,2513,13.8,.679,.652,.216,2.3,10.6,6.6,12.1,1.3,1.6,11.3,14.5,4.7,2.2,6.9,.132,1.1,0.1,1.3,2.0,PHO
3,Devin Booker,27,68,2447,21.9,.611,.320,.350,2.7,11.1,7.1,31.2,1.2,1.0,10.6,29.8,7.2,2.0,9.2,.181,4.0,-1.0,3.0,3.1,PHO
4,Jusuf Nurkić,29,76,2078,17.4,.559,.144,.416,12.8,31.7,22.8,19.9,1.9,3.4,19.1,19.1,2.0,3.8,5.8,.133,-1.0,2.1,1.1,1.6,PHO
5,Eric Gordon,35,68,1893,10.8,.580,.642,.104,1.0,6.0,3.6,10.0,1.7,1.4,10.2,16.5,1.0,1.5,2.5,.063,-1.3,-0.5,-1.7,0.1,PHO
6,Bradley Beal,30,53,1767,16.3,.607,.320,.182,3.6,10.8,7.4,22.5,1.4,1.3,14.2,22.7,2.4,1.5,3.9,.107,0.9,-0.6,0.4,1.1,PHO
7,Drew Eubanks,26,75,1169,14.4,.645,.012,.368,10.5,20.1,15.6,7.2,1.1,4.6,17.2,13.2,1.6,1.6,3.1,.129,-2.0,0.8,-1.2,0.2,PHO
8,Josh Okogie,25,60,960,12.0,.552,.456,.495,9.2,9.0,9.1,8.4,2.4,2.2,12.5,13.0,1.0,1.1,2.1,.104,-1.3,0.8,-0.5,0.4,PHO
9,Royce O'Neale,30,30,752,12.3,.555,.734,.061,3.5,19.2,11.7,14.3,1.8,1.8,9.1,13.9,0.8,0.9,1.7,.108,-0.2,1.4,1.3,0.6,PHO
10,Keita Bates-Diop,28,39,597,11.3,.525,.427,.240,6.0,12.8,9.6,7.4,1.8,3.0,7.3,13.0,0.4,0.7,1.1,.089,-1.5,0.3,-1.2,0.1,PHO
11,Jordan Goodwin,25,40,558,12.5,.481,.415,.150,8.5,14.8,11.8,18.7,2.0,1.4,12.4,18.2,0.2,0.6,0.8,.072,-1.3,0.4,-0.9,0.2,PHO
12,Bol Bol,24,43,469,18.7,.700,.344,.126,8.1,24.1,16.5,5.3,1.0,4.7,10.7,16.5,1.0,0.7,1.6,.168,1.4,0.8,2.1,0.5,PHO
13,Nassir Little,23,45,458,9.9,.572,.565,.161,3.6,14.3,9.3,6.1,1.1,1.9,9.5,13.9,0.3,0.4,0.7,.074,-2.4,-0.6,-3.0,-0.1,PHO
14,Chimezie Metu,26,37,448,13.9,.621,.392,.331,6.4,20.6,13.9,5.8,2.1,1.8,15.3,17.0,0.4,0.6,1.0,.106,-1.6,0.3,-1.3,0.1,PHO
15,Yuta Watanabe,29,29,382,5.4,.502,.773,.155,3.4,9.6,6.7,3.3,1.2,1.6,13.4,13.6,-0.3,0.3,0.0,.004,-4.6,-1.4,-6.0,-0.4,PHO
16,Saben Lee,24,24,185,13.5,.492,.291,.709,5.8,12.8,9.5,21.0,1.8,1.4,10.0,18.8,0.2,0.2,0.4,.099,-2.0,0.6,-1.4,0.0,PHO
17,Udoka Azubuike,24,16,113,12.3,.609,.000,.565,11.6,20.0,16.0,3.6,0.4,4.7,12.2,12.6,0.1,0.1,0.2,.100,-3.0,-0.1,-3.2,0.0,PHO
18,Thaddeus Young,35,10,89,15.1,.515,.048,.143,22.8,13.3,17.8,10.4,2.7,2.0,15.2,12.8,0.1,0.1,0.3,.137,-1.5,0.6,-0.9,0.0,PHO
19,David Roddy,22,17,63,7.9,.469,.348,.043,3.8,15.4,9.9,8.8,1.6,0.0,11.3,18.2,-0.1,0.1,0.0,-0.006,-4.8,-1.0,-5.8,-0.1,PHO
20,Isaiah Thomas,34,6,19,6.7,.400,.400,.000,0.0,0.0,0.0,21.9,0.0,0.0,0.0,22.8,0.0,0.0,0.0,-0.030,-1.6,-5.2,-6.9,0.0,PHO
21,Ish Wainright,29,4,16,5.2,.250,.667,.000,22.3,13.4,17.7,7.6,6.1,0.0,14.3,19.0,0.0,0.0,0.0,-0.042,-7.8,0.3,-7.5,0.0,PHO
22,Théo Maledon,22,4,13,-8.0,.470,.000,.750,0.0,8.3,4.3,0.0,0.0,0.0,36.1,27.7,-0.1,0.0,-0.1,-0.296,-17.6,-6.1,-23.7,-0.1,PHO
1,Paul George,33,74,2502,19.3,.613,.476,.235,1.7,15.3,8.8,16.1,2.2,1.3,10.1,26.6,4.4,2.8,7.3,.140,2.9,0.2,3.2,3.3,Los Angeles Clippers
2,James Harden,34,72,2470,18.6,.612,.594,.418,1.6,14.8,8.4,33.6,1.5,2.1,16.0,20.6,5.9,2.5,8.4,.163,3.8,0.3,4.1,3.8,Los Angeles Clippers
3,Kawhi Leonard,32,68,2330,23.2,.626,.289,.246,4.2,15.6,10.1,16.9,2.4,2.3,8.5,26.5,6.0,2.9,8.9,.184,4.8,0.6,5.5,4.4,Los Angeles Clippers
4,Norman Powell,30,76,1990,13.9,.626,.500,.224,0.9,9.8,5.5,5.9,1.1,1.0,7.3,20.0,2.8,1.3,4.1,.099,0.4,-1.2,-0.8,0.6,Los Angeles Clippers
5,Terance Mann,27,75,1873,12.0,.615,.414,.193,5.4,9.7,7.7,8.5,1.1,0.7,8.2,13.6,3.0,1.2,4.2,.106,-0.8,-0.7,-1.5,0.2,Los Angeles Clippers
6,Ivica Zubac,26,68,1794,19.3,.671,.000,.320,12.8,26.2,19.7,7.5,0.6,4.2,11.8,16.4,4.5,2.3,6.8,.182,0.8,0.0,0.8,1.3,Los Angeles Clippers
7,Russell Westbrook,35,68,1529,16.2,.514,.232,.241,7.1,17.8,12.7,29.2,2.4,1.4,16.4,25.2,0.2,1.9,2.1,.066,-0.2,0.7,0.5,1.0,Los Angeles Clippers
8,Amir Coffey,26,70,1460,10.0,.604,.523,.202,2.3,8.9,5.7,6.8,1.4,0.9,7.9,12.5,1.6,1.0,2.6,.084,-1.9,-0.3,-2.2,-0.1,Los Angeles Clippers
9,Daniel Theis,31,59,1007,14.5,.601,.242,.173,9.9,17.2,13.7,8.3,1.0,4.6,11.9,15.4,1.4,1.2,2.6,.122,-1.6,0.1,-1.5,0.1,Los Angeles Clippers
10,Mason Plumlee,33,46,674,15.8,.621,.039,.647,10.4,28.2,19.6,10.8,1.0,2.3,15.5,15.1,1.2,0.9,2.0,.146,-1.1,0.4,-0.8,0.2,Los Angeles Clippers
11,Bones Hyland,23,37,540,10.8,.490,.538,.092,1.1,10.1,5.7,24.5,2.4,0.7,14.4,24.8,-0.5,0.5,0.0,.003,-2.8,-0.8,-3.6,-0.2,Los Angeles Clippers
12,P.J. Tucker,38,28,420,6.1,.497,.667,.067,7.5,11.4,9.5,4.5,1.5,1.1,11.5,5.5,0.3,0.3,0.6,.070,-3.9,0.3,-3.5,-0.2,Los Angeles Clippers
13,Kobe Brown,24,44,394,7.6,.490,.533,.022,5.9,11.6,8.9,8.1,1.5,1.4,9.0,11.1,0.1,0.3,0.5,.055,-4.0,0.2,-3.8,-0.2,Los Angeles Clippers
14,Brandon Boston Jr.,22,32,345,8.7,.476,.323,.205,6.4,10.4,8.5,5.4,1.6,2.1,12.0,25.4,-0.6,0.3,-0.3,-0.040,-6.2,-2.7,-9.0,-0.6,Los Angeles Clippers
15,Xavier Moon,29,14,119,8.1,.352,.370,.043,7.9,9.2,8.5,23.4,1.2,2.3,9.6,19.1,-0.2,0.1,-0.1,-0.026,-4.7,-1.4,-6.1,-0.1,Los Angeles Clippers
16,Robert Covington,33,3,69,10.6,.455,.889,.222,3.4,9.5,6.5,12.1,4.3,2.6,0.0,6.3,0.1,0.1,0.2,.124,-2.3,4.5,2.3,0.1,Los Angeles Clippers
17,Moussa Diabaté,22,11,64,24.7,.576,.000,.737,27.4,15.4,21.2,8.6,3.9,1.4,7.4,18.6,0.2,0.1,0.3,.250,4.0,-0.5,3.5,0.1,Los Angeles Clippers
18,Nicolas Batum,35,3,54,9.8,.500,.875,.000,0.0,14.2,7.3,11.2,2.7,6.7,11.1,7.3,0.0,0.1,0.1,.091,-1.5,4.4,2.8,0.1,Los Angeles Clippers
19,KJ Martin,23,2,31,6.9,.460,.500,.200,3.8,7.0,5.5,4.3,3.2,2.9,15.5,18.2,-0.1,0.0,0.0,-0.034,-6.8,0.7,-6.1,0.0,Los Angeles Clippers
20,Jordan Miller,24,8,28,14.1,.658,.222,.222,12.5,7.8,10.1,0.0,0.0,0.0,9.2,17.0,0.1,0.0,0.1,.116,0.4,-4.2,-3.8,0.0,Los Angeles Clippers
21,Joshua Primo,21,2,10,-12.8,.333,.333,.000,11.7,0.0,5.6,0.0,0.0,9.0,57.1,30.7,-0.1,0.0,-0.1,-0.585,-16.8,-8.2,-25.0,-0.1,Los Angeles Clippers
1,Luka Dončić,24,70,2624,28.1,.617,.450,.368,2.5,24.4,13.5,44.3,1.8,1.3,12.8,36.0,8.5,3.5,12.0,.220,8.3,1.7,9.9,8.0,Dallas Mavericks
2,Tim Hardaway Jr.,31,79,2120,12.1,.542,.612,.173,1.1,11.9,6.5,9.2,1.0,0.2,6.2,22.6,0.8,1.4,2.2,.050,-0.8,-2.1,-2.9,-0.5,Dallas Mavericks
3,Kyrie Irving,31,58,2030,21.9,.608,.372,.186,2.4,13.2,7.8,23.8,1.7,1.2,8.0,28.1,4.9,2.0,6.9,.163,4.8,0.1,4.9,3.6,Dallas Mavericks
4,Derrick Jones Jr.,26,76,1783,11.7,.592,.483,.275,5.0,10.3,7.7,5.5,1.4,2.5,10.5,14.9,1.5,1.6,3.1,.083,-1.3,-0.3,-1.5,0.2,Dallas Mavericks
5,Josh Green,23,57,1505,9.9,.588,.500,.152,2.9,10.4,6.7,11.1,1.5,0.5,13.1,13.1,1.0,1.2,2.2,.071,-2.4,-0.3,-2.7,-0.3,Dallas Mavericks
6,Dereck Lively II,19,55,1294,18.1,.728,.007,.274,11.4,20.4,16.0,6.4,1.3,5.2,13.1,12.6,3.1,1.8,4.9,.183,-0.3,0.8,0.5,0.8,Dallas Mavericks
7,Grant Williams,25,47,1242,8.3,.560,.662,.174,4.1,10.8,7.4,8.2,0.9,1.9,13.4,13.6,0.4,1.0,1.3,.052,-2.7,-0.7,-3.4,-0.4,Dallas Mavericks
8,Dante Exum,28,55,1088,13.7,.645,.358,.225,2.5,12.4,7.5,19.3,1.0,0.4,12.9,15.0,2.1,0.8,2.9,.127,-0.3,-0.3,-0.6,0.4,Dallas Mavericks
9,Jaden Hardy,21,73,989,11.2,.517,.468,.159,2.2,12.2,7.2,15.7,1.1,0.4,10.8,24.9,-0.4,0.7,0.3,.014,-2.0,-2.1,-4.1,-0.5,Dallas Mavericks
10,P.J. Washington,25,29,935,11.0,.522,.560,.169,3.7,17.1,10.5,6.2,1.7,2.5,8.5,16.3,0.0,1.1,1.1,.056,-1.8,0.7,-1.2,0.2,Dallas Mavericks
11,Maxi Kleber,32,43,871,8.8,.573,.630,.322,3.8,14.1,9.0,9.5,0.9,3.0,14.4,9.6,0.6,0.8,1.4,.080,-2.3,1.0,-1.3,0.2,Dallas Mavericks
12,Dwight Powell,32,63,836,14.5,.716,.028,.840,12.7,15.2,14.0,12.4,1.5,2.1,18.1,9.1,2.2,0.9,3.1,.181,-1.1,0.8,-0.3,0.4,Dallas Mavericks
13,Daniel Gafford,25,29,623,25.0,.769,.000,.301,11.3,23.9,17.6,11.1,1.6,7.9,11.7,16.4,2.2,1.1,3.3,.257,2.5,3.4,5.9,1.3,Dallas Mavericks
14,Seth Curry,33,36,457,8.6,.502,.552,.131,3.6,8.8,6.2,8.4,1.8,0.6,9.4,15.9,-0.1,0.4,0.3,.034,-3.2,-0.9,-4.0,-0.2,Dallas Mavericks
15,Olivier-Maxence Prosper,21,40,336,11.6,.496,.433,.394,8.2,17.5,12.8,8.4,1.0,1.0,6.2,16.6,0.2,0.3,0.5,.076,-1.7,-1.3,-2.9,-0.1,Dallas Mavericks
16,A.J. Lawson,23,42,311,11.2,.519,.413,.190,4.9,12.6,8.8,8.9,1.5,0.8,9.6,20.0,0.0,0.3,0.2,.036,-3.1,-1.5,-4.6,-0.2,Dallas Mavericks
17,Richaun Holmes,30,23,237,13.9,.572,.000,.356,15.3,20.7,18.0,8.4,0.6,3.3,15.0,14.5,0.3,0.3,0.6,.119,-2.4,-0.6,-3.0,-0.1,Dallas Mavericks
18,Markieff Morris,34,26,216,6.6,.467,.618,.088,2.0,17.6,9.9,9.4,1.1,1.2,14.5,16.4,-0.3,0.2,-0.1,-0.014,-4.0,-1.3,-5.3,-0.2,Dallas Mavericks
19,Brandon Williams,24,17,113,9.3,.439,.278,.315,3.9,8.7,6.3,20.9,0.4,0.8,10.2,26.0,-0.2,0.1,-0.1,-0.044,-2.7,-2.8,-5.5,-0.1,Dallas Mavericks
20,Greg Brown III,22,6,40,10.5,.501,.273,.818,8.2,16.3,12.3,13.0,0.0,8.8,21.1,20.3,0.0,0.0,0.0,.000,-5.0,0.6,-4.4,0.0,Dallas Mavericks
21,Dexter Dennis,24,4,30,18.3,.541,.421,.158,3.7,29.0,16.4,23.7,0.0,2.9,12.9,33.3,0.0,0.0,0.0,.004,1.7,-0.1,1.7,0.0,Dallas Mavericks
22,Alex Fudge,20,2,26,16.2,.611,.333,.000,8.4,4.2,6.3,0.0,5.5,0.0,10.0,16.5,0.0,0.0,0.1,.108,-0.4,2.1,1.7,0.0,Dallas Mavericks
