Home Team,Away Team,Winner,Point Differential
Denver Nuggets,Los Angeles Lakers,Denver Nuggets,12
Golden State Warriors,Phoenix Suns,Phoenix Suns,4
Orlando Magic,Houston Rockets,Orlando Magic,30
New York Knicks,Boston Celtics,Boston Celtics,4
Indiana Pacers,Washington Wizards,Indiana Pacers,23
Charlotte Hornets,Atlanta Hawks,Charlotte Hornets,6
Miami Heat,Detroit Pistons,Miami Heat,1
Toronto Raptors,Minnesota Timberwolves,Toronto Raptors,3
Brooklyn Nets,Cleveland Cavaliers,Cleveland Cavaliers,1
Memphis Grizzlies,New Orleans Pelicans,New Orleans Pelicans,7
Chicago Bulls,Oklahoma City Thunder,Oklahoma City Thunder,20
Utah Jazz,Sacramento Kings,Sacramento Kings,16
San Antonio Spurs,Dallas Mavericks,Dallas Mavericks,7
Los Angeles Clippers,Portland Trail Blazers,Los Angeles Clippers,12
Milwaukee Bucks,Philadelphia 76ers,Milwaukee Bucks,1
Los Angeles Lakers,Phoenix Suns,Los Angeles Lakers,5
Memphis Grizzlies,Denver Nuggets,Denver Nuggets,4
Charlotte Hornets,Detroit Pistons,Detroit Pistons,12
Atlanta Hawks,New York Knicks,New York Knicks,6
Cleveland Cavaliers,Oklahoma City Thunder,Oklahoma City Thunder,3
Boston Celtics,Miami Heat,Boston Celtics,8
Chicago Bulls,Toronto Raptors,Chicago Bulls,1
San Antonio Spurs,Houston Rockets,San Antonio Spurs,4
Dallas Mavericks,Brooklyn Nets,Dallas Mavericks,5
Utah Jazz,Los Angeles Clippers,Utah Jazz,2
Portland Trail Blazers,Orlando Magic,Orlando Magic,5
Sacramento Kings,Golden State Warriors,Golden State Warriors,8
Detroit Pistons,Chicago Bulls,Detroit Pistons,16
Washington Wizards,Memphis Grizzlies,Washington Wizards,7
New Orleans Pelicans,New York Knicks,New Orleans Pelicans,9
Cleveland Cavaliers,Indiana Pacers,Indiana Pacers,12
Toronto Raptors,Philadelphia 76ers,Philadelphia 76ers,7
Minnesota Timberwolves,Miami Heat,Minnesota Timberwolves,16
Phoenix Suns,Utah Jazz,Phoenix Suns,22
Oklahoma City Thunder,Denver Nuggets,Denver Nuggets,33
Houston Rockets,Golden State Warriors,Golden State Warriors,11
Milwaukee Bucks,Atlanta Hawks,Atlanta Hawks,17
Philadelphia 76ers,Portland Trail Blazers,Philadelphia 76ers,28
Los Angeles Clippers,San Antonio Spurs,Los Angeles Clippers,40
Sacramento Kings,Los Angeles Lakers,Sacramento Kings,5
Indiana Pacers,Chicago Bulls,Chicago Bulls,7
Washington Wizards,Boston Celtics,Boston Celtics,19
Charlotte Hornets,Brooklyn Nets,Brooklyn Nets,12
Toronto Raptors,Portland Trail Blazers,Portland Trail Blazers,8
Atlanta Hawks,Minnesota Timberwolves,Atlanta Hawks,14
Memphis Grizzlies,Dallas Mavericks,Dallas Mavericks,15
Milwaukee Bucks,Miami Heat,Milwaukee Bucks,8
New Orleans Pelicans,Golden State Warriors,Golden State Warriors,28
Oklahoma City Thunder,Detroit Pistons,Oklahoma City Thunder,12
Denver Nuggets,Utah Jazz,Denver Nuggets,8
Los Angeles Lakers,Orlando Magic,Los Angeles Lakers,3
Cleveland Cavaliers,New York Knicks,New York Knicks,18
Phoenix Suns,San Antonio Spurs,San Antonio Spurs,1
Los Angeles Clippers,Orlando Magic,Los Angeles Clippers,16
Detroit Pistons,Portland Trail Blazers,Portland Trail Blazers,9
Toronto Raptors,Milwaukee Bucks,Toronto Raptors,19
Atlanta Hawks,Washington Wizards,Atlanta Hawks,9
Boston Celtics,Indiana Pacers,Boston Celtics,51
Miami Heat,Brooklyn Nets,Brooklyn Nets,4
New York Knicks,Cleveland Cavaliers,Cleveland Cavaliers,6
Oklahoma City Thunder,New Orleans Pelicans,New Orleans Pelicans,4
Houston Rockets,Charlotte Hornets,Houston Rockets,9
Minnesota Timberwolves,Denver Nuggets,Minnesota Timberwolves,21
Dallas Mavericks,Chicago Bulls,Dallas Mavericks,9
Utah Jazz,Memphis Grizzlies,Utah Jazz,24
Golden State Warriors,Sacramento Kings,Golden State Warriors,1
Los Angeles Lakers,Los Angeles Clippers,Los Angeles Lakers,5
Philadelphia 76ers,Toronto Raptors,Philadelphia 76ers,15
New Orleans Pelicans,Detroit Pistons,New Orleans Pelicans,9
Utah Jazz,Orlando Magic,Orlando Magic,2
Phoenix Suns,San Antonio Spurs,San Antonio Spurs,11
Indiana Pacers,Cleveland Cavaliers,Indiana Pacers,5
Milwaukee Bucks,New York Knicks,Milwaukee Bucks,5
Chicago Bulls,Brooklyn Nets,Brooklyn Nets,2
Miami Heat,Washington Wizards,Miami Heat,7
Oklahoma City Thunder,Golden State Warriors,Golden State Warriors,2
Denver Nuggets,Dallas Mavericks,Denver Nuggets,11
Portland Trail Blazers,Memphis Grizzlies,Portland Trail Blazers,2
Philadelphia 76ers,Phoenix Suns,Philadelphia 76ers,12
Indiana Pacers,Charlotte Hornets,Charlotte Hornets,1
New Orleans Pelicans,Atlanta Hawks,Atlanta Hawks,18
Orlando Magic,Los Angeles Lakers,Orlando Magic,19
Brooklyn Nets,Boston Celtics,Boston Celtics,10
Houston Rockets,Sacramento Kings,Houston Rockets,18
Minnesota Timberwolves,Utah Jazz,Minnesota Timberwolves,28
Denver Nuggets,Chicago Bulls,Denver Nuggets,22
Detroit Pistons,Phoenix Suns,Phoenix Suns,14
San Antonio Spurs,Toronto Raptors,Toronto Raptors,7
Cleveland Cavaliers,Golden State Warriors,Cleveland Cavaliers,11
Dallas Mavericks,Charlotte Hornets,Dallas Mavericks,6
Portland Trail Blazers,Memphis Grizzlies,Memphis Grizzlies,12
Detroit Pistons,Golden State Warriors,Golden State Warriors,11
Indiana Pacers,San Antonio Spurs,Indiana Pacers,41
Orlando Magic,Dallas Mavericks,Dallas Mavericks,15
Philadelphia 76ers,Washington Wizards,Philadelphia 76ers,18
Brooklyn Nets,Milwaukee Bucks,Milwaukee Bucks,4
Miami Heat,Los Angeles Lakers,Miami Heat,1
New York Knicks,Los Angeles Clippers,New York Knicks,14
Chicago Bulls,Utah Jazz,Chicago Bulls,17
Houston Rockets,Sacramento Kings,Houston Rockets,25
Minnesota Timberwolves,Boston Celtics,Minnesota Timberwolves,5
Oklahoma City Thunder,Atlanta Hawks,Oklahoma City Thunder,9
Denver Nuggets,New Orleans Pelicans,Denver Nuggets,18
Charlotte Hornets,Washington Wizards,Washington Wizards,16
Indiana Pacers,Utah Jazz,Indiana Pacers,16
Philadelphia 76ers,Boston Celtics,Philadelphia 76ers,3
Brooklyn Nets,Los Angeles Clippers,Brooklyn Nets,7
New York Knicks,San Antonio Spurs,New York Knicks,21
Chicago Bulls,Phoenix Suns,Phoenix Suns,1
Houston Rockets,Los Angeles Lakers,Houston Rockets,34
Memphis Grizzlies,Miami Heat,Miami Heat,6
Milwaukee Bucks,Detroit Pistons,Milwaukee Bucks,2
Minnesota Timberwolves,New Orleans Pelicans,Minnesota Timberwolves,21
Oklahoma City Thunder,Cleveland Cavaliers,Oklahoma City Thunder,8
Dallas Mavericks,Toronto Raptors,Toronto Raptors,11
Denver Nuggets,Golden State Warriors,Denver Nuggets,3
Sacramento Kings,Portland Trail Blazers,Sacramento Kings,3
Indiana Pacers,Milwaukee Bucks,Indiana Pacers,2
Orlando Magic,Atlanta Hawks,Atlanta Hawks,1
Detroit Pistons,Philadelphia 76ers,Philadelphia 76ers,8
Washington Wizards,Charlotte Hornets,Charlotte Hornets,7
Boston Celtics,Brooklyn Nets,Boston Celtics,14
Houston Rockets,New Orleans Pelicans,Houston Rockets,3
Memphis Grizzlies,Utah Jazz,Utah Jazz,6
San Antonio Spurs,Minnesota Timberwolves,Minnesota Timberwolves,7
Dallas Mavericks,Los Angeles Clippers,Dallas Mavericks,18
Phoenix Suns,Los Angeles Lakers,Los Angeles Lakers,3
Sacramento Kings,Oklahoma City Thunder,Sacramento Kings,7
Orlando Magic,Milwaukee Bucks,Orlando Magic,15
Boston Celtics,Toronto Raptors,Boston Celtics,23
Atlanta Hawks,Miami Heat,Miami Heat,8
Golden State Warriors,Cleveland Cavaliers,Cleveland Cavaliers,8
New York Knicks,Charlotte Hornets,New York Knicks,22
Brooklyn Nets,Washington Wizards,Brooklyn Nets,8
Los Angeles Clippers,Memphis Grizzlies,Memphis Grizzlies,4
Philadelphia 76ers,Indiana Pacers,Philadelphia 76ers,11
Chicago Bulls,Detroit Pistons,Chicago Bulls,11
Houston Rockets,Denver Nuggets,Houston Rockets,3
New Orleans Pelicans,Dallas Mavericks,Dallas Mavericks,12
San Antonio Spurs,Miami Heat,Miami Heat,5
Phoenix Suns,Oklahoma City Thunder,Oklahoma City Thunder,12
Golden State Warriors,Minnesota Timberwolves,Minnesota Timberwolves,6
Los Angeles Lakers,Portland Trail Blazers,Los Angeles Lakers,6
Boston Celtics,New York Knicks,Boston Celtics,16
Toronto Raptors,Washington Wizards,Toronto Raptors,4
Milwaukee Bucks,Chicago Bulls,Milwaukee Bucks,9
Sacramento Kings,Cleveland Cavaliers,Sacramento Kings,12
Charlotte Hornets,Miami Heat,Miami Heat,6
Detroit Pistons,Atlanta Hawks,Atlanta Hawks,6
Philadelphia 76ers,Indiana Pacers,Indiana Pacers,6
Brooklyn Nets,Orlando Magic,Brooklyn Nets,20
Oklahoma City Thunder,San Antonio Spurs,Oklahoma City Thunder,36
New Orleans Pelicans,Dallas Mavericks,New Orleans Pelicans,21
Utah Jazz,Portland Trail Blazers,Utah Jazz,16
Denver Nuggets,Los Angeles Clippers,Denver Nuggets,3
Golden State Warriors,Minnesota Timberwolves,Minnesota Timberwolves,3
Los Angeles Lakers,Memphis Grizzlies,Los Angeles Lakers,27
Washington Wizards,Dallas Mavericks,Dallas Mavericks,13
Atlanta Hawks,New York Knicks,New York Knicks,2
Philadelphia 76ers,Boston Celtics,Boston Celtics,10
Toronto Raptors,Milwaukee Bucks,Milwaukee Bucks,16
Chicago Bulls,Orlando Magic,Orlando Magic,2
Phoenix Suns,Minnesota Timberwolves,Phoenix Suns,18
Los Angeles Lakers,Sacramento Kings,Sacramento Kings,15
Portland Trail Blazers,Cleveland Cavaliers,Cleveland Cavaliers,14
Miami Heat,Brooklyn Nets,Miami Heat,7
Golden State Warriors,Oklahoma City Thunder,Oklahoma City Thunder,19
Charlotte Hornets,Milwaukee Bucks,Milwaukee Bucks,31
Washington Wizards,New York Knicks,New York Knicks,21
Atlanta Hawks,Philadelphia 76ers,Philadelphia 76ers,10
Cleveland Cavaliers,Detroit Pistons,Cleveland Cavaliers,8
San Antonio Spurs,Sacramento Kings,Sacramento Kings,9
Toronto Raptors,Boston Celtics,Boston Celtics,3
Chicago Bulls,Orlando Magic,Orlando Magic,6
New Orleans Pelicans,Denver Nuggets,New Orleans Pelicans,5
Portland Trail Blazers,Los Angeles Lakers,Los Angeles Lakers,12
Utah Jazz,Phoenix Suns,Phoenix Suns,3
Los Angeles Clippers,Houston Rockets,Los Angeles Clippers,6
Charlotte Hornets,New York Knicks,New York Knicks,14
New Orleans Pelicans,Minnesota Timberwolves,Minnesota Timberwolves,1
Chicago Bulls,Miami Heat,Chicago Bulls,5
Milwaukee Bucks,Dallas Mavericks,Milwaukee Bucks,7
San Antonio Spurs,Memphis Grizzlies,Memphis Grizzlies,12
Golden State Warriors,Oklahoma City Thunder,Oklahoma City Thunder,7
Brooklyn Nets,Philadelphia 76ers,Philadelphia 76ers,22
Toronto Raptors,Detroit Pistons,Toronto Raptors,29
Indiana Pacers,Orlando Magic,Orlando Magic,12
Cleveland Cavaliers,Denver Nuggets,Cleveland Cavaliers,12
Dallas Mavericks,Sacramento Kings,Sacramento Kings,16
Memphis Grizzlies,Boston Celtics,Boston Celtics,2
Utah Jazz,Phoenix Suns,Phoenix Suns,3
Portland Trail Blazers,Oklahoma City Thunder,Oklahoma City Thunder,43
Los Angeles Lakers,Houston Rockets,Los Angeles Lakers,1
Charlotte Hornets,Boston Celtics,Charlotte Hornets,3
Detroit Pistons,Denver Nuggets,Denver Nuggets,4
Washington Wizards,Milwaukee Bucks,Milwaukee Bucks,13
Chicago Bulls,Miami Heat,Miami Heat,18
Minnesota Timberwolves,New York Knicks,Minnesota Timberwolves,17
New Orleans Pelicans,Sacramento Kings,New Orleans Pelicans,36
San Antonio Spurs,Los Angeles Clippers,Los Angeles Clippers,25
Golden State Warriors,Houston Rockets,Golden State Warriors,5
Orlando Magic,Toronto Raptors,Orlando Magic,19
Atlanta Hawks,Indiana Pacers,Indiana Pacers,5
Philadelphia 76ers,Cleveland Cavaliers,Cleveland Cavaliers,3
Phoenix Suns,Portland Trail Blazers,Phoenix Suns,13
Los Angeles Lakers,Utah Jazz,Los Angeles Lakers,32
Charlotte Hornets,Washington Wizards,Charlotte Hornets,3
Orlando Magic,Denver Nuggets,Orlando Magic,5
Atlanta Hawks,Brooklyn Nets,Atlanta Hawks,2
Boston Celtics,Milwaukee Bucks,Boston Celtics,3
Cleveland Cavaliers,Miami Heat,Miami Heat,33
Indiana Pacers,Toronto Raptors,Toronto Raptors,1
Houston Rockets,Memphis Grizzlies,Houston Rockets,20
Minnesota Timberwolves,Philadelphia 76ers,Minnesota Timberwolves,13
New Orleans Pelicans,Sacramento Kings,New Orleans Pelicans,5
Oklahoma City Thunder,Chicago Bulls,Oklahoma City Thunder,14
San Antonio Spurs,Los Angeles Clippers,Los Angeles Clippers,7
Phoenix Suns,Golden State Warriors,Phoenix Suns,8
Portland Trail Blazers,Utah Jazz,Portland Trail Blazers,16
Los Angeles Lakers,Dallas Mavericks,Dallas Mavericks,3
Orlando Magic,Boston Celtics,Orlando Magic,17
Memphis Grizzlies,Phoenix Suns,Phoenix Suns,21
New York Knicks,Miami Heat,New York Knicks,2
Toronto Raptors,Chicago Bulls,Toronto Raptors,13
Houston Rockets,Denver Nuggets,Houston Rockets,19
Indiana Pacers,Detroit Pistons,Indiana Pacers,23
Milwaukee Bucks,Washington Wizards,Milwaukee Bucks,3
Minnesota Timberwolves,Sacramento Kings,Sacramento Kings,13
Golden State Warriors,San Antonio Spurs,Golden State Warriors,6
Los Angeles Clippers,New Orleans Pelicans,New Orleans Pelicans,10
Oklahoma City Thunder,Philadelphia 76ers,Philadelphia 76ers,4
Brooklyn Nets,Miami Heat,Brooklyn Nets,15
Washington Wizards,Atlanta Hawks,Atlanta Hawks,28
Cleveland Cavaliers,Los Angeles Lakers,Los Angeles Lakers,6
Utah Jazz,New Orleans Pelicans,Utah Jazz,5
Los Angeles Clippers,Dallas Mavericks,Los Angeles Clippers,19
Milwaukee Bucks,Portland Trail Blazers,Milwaukee Bucks,6
Boston Celtics,Atlanta Hawks,Boston Celtics,10
Memphis Grizzlies,Minnesota Timberwolves,Minnesota Timberwolves,22
New York Knicks,Phoenix Suns,Phoenix Suns,3
Orlando Magic,Charlotte Hornets,Orlando Magic,13
Brooklyn Nets,Chicago Bulls,Brooklyn Nets,9
Cleveland Cavaliers,Toronto Raptors,Cleveland Cavaliers,3
Denver Nuggets,San Antonio Spurs,Denver Nuggets,12
Detroit Pistons,Washington Wizards,Washington Wizards,19
Indiana Pacers,Portland Trail Blazers,Portland Trail Blazers,4
Philadelphia 76ers,Los Angeles Lakers,Philadelphia 76ers,44
Utah Jazz,New Orleans Pelicans,Utah Jazz,2
Los Angeles Clippers,Denver Nuggets,Denver Nuggets,9
Boston Celtics,Chicago Bulls,Boston Celtics,27
Brooklyn Nets,Toronto Raptors,Brooklyn Nets,12
Cleveland Cavaliers,Atlanta Hawks,Cleveland Cavaliers,23
Miami Heat,Milwaukee Bucks,Milwaukee Bucks,7
New York Knicks,Charlotte Hornets,New York Knicks,24
Minnesota Timberwolves,Oklahoma City Thunder,Minnesota Timberwolves,3
Dallas Mavericks,Houston Rockets,Dallas Mavericks,6
Sacramento Kings,Golden State Warriors,Sacramento Kings,1
Detroit Pistons,Los Angeles Lakers,Los Angeles Lakers,26
Orlando Magic,Washington Wizards,Orlando Magic,19
Toronto Raptors,Phoenix Suns,Toronto Raptors,7
Memphis Grizzlies,Utah Jazz,Memphis Grizzlies,14
New Orleans Pelicans,Philadelphia 76ers,New Orleans Pelicans,10
Denver Nuggets,Houston Rockets,Denver Nuggets,10
Sacramento Kings,Los Angeles Clippers,Los Angeles Clippers,14
Cleveland Cavaliers,Portland Trail Blazers,Portland Trail Blazers,8
Brooklyn Nets,Charlotte Hornets,Charlotte Hornets,1
Miami Heat,Indiana Pacers,Miami Heat,10
New York Knicks,Detroit Pistons,New York Knicks,6
Chicago Bulls,Milwaukee Bucks,Chicago Bulls,7
Minnesota Timberwolves,Utah Jazz,Minnesota Timberwolves,11
Oklahoma City Thunder,Los Angeles Lakers,Oklahoma City Thunder,23
San Antonio Spurs,Atlanta Hawks,Atlanta Hawks,2
Golden State Warriors,Los Angeles Clippers,Golden State Warriors,6
Orlando Magic,Washington Wizards,Orlando Magic,5
Boston Celtics,Philadelphia 76ers,Boston Celtics,6
Dallas Mavericks,Memphis Grizzlies,Memphis Grizzlies,14
Toronto Raptors,New York Knicks,New York Knicks,13
New Orleans Pelicans,San Antonio Spurs,New Orleans Pelicans,15
Phoenix Suns,Denver Nuggets,Denver Nuggets,8
Los Angeles Clippers,Golden State Warriors,Los Angeles Clippers,1
Charlotte Hornets,Minnesota Timberwolves,Minnesota Timberwolves,6
Brooklyn Nets,Orlando Magic,Brooklyn Nets,28
Detroit Pistons,Cleveland Cavaliers,Cleveland Cavaliers,9
Chicago Bulls,New Orleans Pelicans,Chicago Bulls,6
Miami Heat,Indiana Pacers,Indiana Pacers,15
Milwaukee Bucks,Atlanta Hawks,Milwaukee Bucks,11
Dallas Mavericks,Oklahoma City Thunder,Oklahoma City Thunder,6
Phoenix Suns,Memphis Grizzlies,Phoenix Suns,7
Utah Jazz,Portland Trail Blazers,Utah Jazz,5
Sacramento Kings,Denver Nuggets,Sacramento Kings,6
Los Angeles Lakers,Houston Rockets,Los Angeles Lakers,10
Indiana Pacers,Boston Celtics,Indiana Pacers,10
Sacramento Kings,New Orleans Pelicans,New Orleans Pelicans,10
Milwaukee Bucks,New York Knicks,Milwaukee Bucks,24
Los Angeles Lakers,Phoenix Suns,Los Angeles Lakers,3
Cleveland Cavaliers,Orlando Magic,Cleveland Cavaliers,10
Detroit Pistons,Memphis Grizzlies,Memphis Grizzlies,14
Washington Wizards,Philadelphia 76ers,Philadelphia 76ers,5
Atlanta Hawks,Brooklyn Nets,Brooklyn Nets,1
Minnesota Timberwolves,San Antonio Spurs,Minnesota Timberwolves,8
Toronto Raptors,Miami Heat,Miami Heat,9
Chicago Bulls,Charlotte Hornets,Chicago Bulls,11
Houston Rockets,Oklahoma City Thunder,Houston Rockets,9
Dallas Mavericks,Utah Jazz,Dallas Mavericks,50
Golden State Warriors,Portland Trail Blazers,Golden State Warriors,4
Los Angeles Clippers,Denver Nuggets,Los Angeles Clippers,9
Milwaukee Bucks,Indiana Pacers,Indiana Pacers,9
Los Angeles Lakers,New Orleans Pelicans,Los Angeles Lakers,44
Charlotte Hornets,Toronto Raptors,Charlotte Hornets,3
Orlando Magic,Detroit Pistons,Orlando Magic,32
Philadelphia 76ers,Atlanta Hawks,Philadelphia 76ers,11
Boston Celtics,New York Knicks,Boston Celtics,10
Brooklyn Nets,Washington Wizards,Brooklyn Nets,27
Memphis Grizzlies,Minnesota Timberwolves,Minnesota Timberwolves,24
Miami Heat,Cleveland Cavaliers,Cleveland Cavaliers,12
Oklahoma City Thunder,Golden State Warriors,Oklahoma City Thunder,2
San Antonio Spurs,Chicago Bulls,Chicago Bulls,9
Denver Nuggets,Houston Rockets,Houston Rockets,8
Phoenix Suns,Sacramento Kings,Sacramento Kings,8
Portland Trail Blazers,Dallas Mavericks,Dallas Mavericks,13
Utah Jazz,Los Angeles Clippers,Los Angeles Clippers,14
Los Angeles Lakers,Indiana Pacers,Los Angeles Lakers,14
Charlotte Hornets,Miami Heat,Miami Heat,2
Detroit Pistons,Indiana Pacers,Indiana Pacers,8
Orlando Magic,Cleveland Cavaliers,Orlando Magic,10
Philadelphia 76ers,Washington Wizards,Philadelphia 76ers,45
Atlanta Hawks,Denver Nuggets,Denver Nuggets,7
New York Knicks,Toronto Raptors,New York Knicks,6
Houston Rockets,San Antonio Spurs,Houston Rockets,11
Memphis Grizzlies,Dallas Mavericks,Dallas Mavericks,7
Milwaukee Bucks,Chicago Bulls,Milwaukee Bucks,4
New Orleans Pelicans,Minnesota Timberwolves,New Orleans Pelicans,14
Oklahoma City Thunder,Utah Jazz,Oklahoma City Thunder,14
Sacramento Kings,Brooklyn Nets,Sacramento Kings,13
Los Angeles Clippers,Portland Trail Blazers,Los Angeles Clippers,5
Boston Celtics,Cleveland Cavaliers,Boston Celtics,7
Dallas Mavericks,Los Angeles Lakers,Dallas Mavericks,2
Chicago Bulls,Denver Nuggets,Denver Nuggets,8
Phoenix Suns,Golden State Warriors,Phoenix Suns,3
Los Angeles Clippers,Sacramento Kings,Los Angeles Clippers,20
Detroit Pistons,Philadelphia 76ers,Philadelphia 76ers,18
Washington Wizards,New Orleans Pelicans,New Orleans Pelicans,20
Miami Heat,Charlotte Hornets,Miami Heat,11
Toronto Raptors,Atlanta Hawks,Toronto Raptors,7
Houston Rockets,Memphis Grizzlies,Houston Rockets,13
Milwaukee Bucks,Indiana Pacers,Milwaukee Bucks,14
San Antonio Spurs,Los Angeles Lakers,Los Angeles Lakers,3
Phoenix Suns,Brooklyn Nets,Brooklyn Nets,4
Utah Jazz,New York Knicks,Utah Jazz,4
Boston Celtics,Cleveland Cavaliers,Boston Celtics,9
Miami Heat,Chicago Bulls,Chicago Bulls,8
Dallas Mavericks,Minnesota Timberwolves,Minnesota Timberwolves,18
Denver Nuggets,Brooklyn Nets,Denver Nuggets,23
Portland Trail Blazers,Utah Jazz,Utah Jazz,8
Sacramento Kings,Oklahoma City Thunder,Sacramento Kings,5
Los Angeles Clippers,Golden State Warriors,Los Angeles Clippers,8
Charlotte Hornets,New Orleans Pelicans,New Orleans Pelicans,5
Philadelphia 76ers,Detroit Pistons,Philadelphia 76ers,32
Washington Wizards,Indiana Pacers,Washington Wizards,14
Boston Celtics,Orlando Magic,Boston Celtics,17
San Antonio Spurs,Los Angeles Lakers,San Antonio Spurs,14
Toronto Raptors,Atlanta Hawks,Atlanta Hawks,21
Memphis Grizzlies,Houston Rockets,Houston Rockets,7
Phoenix Suns,New York Knicks,New York Knicks,17
Milwaukee Bucks,Detroit Pistons,Milwaukee Bucks,32
Charlotte Hornets,Philadelphia 76ers,Philadelphia 76ers,53
Cleveland Cavaliers,Atlanta Hawks,Cleveland Cavaliers,8
Miami Heat,Chicago Bulls,Miami Heat,2
Minnesota Timberwolves,Indiana Pacers,Minnesota Timberwolves,18
Golden State Warriors,Brooklyn Nets,Golden State Warriors,4
Denver Nuggets,Oklahoma City Thunder,Oklahoma City Thunder,1
Portland Trail Blazers,Dallas Mavericks,Dallas Mavericks,11
Sacramento Kings,Utah Jazz,Sacramento Kings,21
Los Angeles Clippers,New York Knicks,Los Angeles Clippers,22
Boston Celtics,Orlando Magic,Boston Celtics,17
San Antonio Spurs,New Orleans Pelicans,New Orleans Pelicans,36
Milwaukee Bucks,Houston Rockets,Milwaukee Bucks,9
Phoenix Suns,Washington Wizards,Phoenix Suns,4
Portland Trail Blazers,Golden State Warriors,Golden State Warriors,4
Cleveland Cavaliers,Houston Rockets,Cleveland Cavaliers,5
Indiana Pacers,Los Angeles Clippers,Los Angeles Clippers,24
Philadelphia 76ers,Chicago Bulls,Chicago Bulls,4
Atlanta Hawks,Detroit Pistons,Atlanta Hawks,6
Miami Heat,Minnesota Timberwolves,Minnesota Timberwolves,4
Toronto Raptors,Charlotte Hornets,Toronto Raptors,15
Oklahoma City Thunder,Memphis Grizzlies,Oklahoma City Thunder,19
Denver Nuggets,Dallas Mavericks,Denver Nuggets,26
Utah Jazz,Brooklyn Nets,Utah Jazz,17
Sacramento Kings,Washington Wizards,Sacramento Kings,12
Los Angeles Lakers,New York Knicks,New York Knicks,5
New Orleans Pelicans,Memphis Grizzlies,Memphis Grizzlies,2
Milwaukee Bucks,San Antonio Spurs,Milwaukee Bucks,13
Golden State Warriors,Boston Celtics,Golden State Warriors,6
Portland Trail Blazers,Phoenix Suns,Portland Trail Blazers,5
Cleveland Cavaliers,Utah Jazz,Cleveland Cavaliers,8
Indiana Pacers,Charlotte Hornets,Indiana Pacers,31
Orlando Magic,Miami Heat,Miami Heat,9
Philadelphia 76ers,Minnesota Timberwolves,Philadelphia 76ers,14
Brooklyn Nets,New York Knicks,New York Knicks,19
Toronto Raptors,Denver Nuggets,Denver Nuggets,9
Chicago Bulls,Los Angeles Lakers,Chicago Bulls,16
Houston Rockets,Atlanta Hawks,Atlanta Hawks,7
Dallas Mavericks,Los Angeles Clippers,Los Angeles Clippers,9
Sacramento Kings,Boston Celtics,Boston Celtics,25
Detroit Pistons,Utah Jazz,Utah Jazz,8
Cleveland Cavaliers,New Orleans Pelicans,New Orleans Pelicans,19
Chicago Bulls,San Antonio Spurs,Chicago Bulls,19
Memphis Grizzlies,Indiana Pacers,Memphis Grizzlies,13
Milwaukee Bucks,Orlando Magic,Milwaukee Bucks,4
Oklahoma City Thunder,Los Angeles Clippers,Oklahoma City Thunder,19
Minnesota Timberwolves,Los Angeles Lakers,Minnesota Timberwolves,7
Portland Trail Blazers,Washington Wizards,Washington Wizards,1
Philadelphia 76ers,Toronto Raptors,Philadelphia 76ers,10
Brooklyn Nets,Denver Nuggets,Denver Nuggets,5
Houston Rockets,Dallas Mavericks,Houston Rockets,26
Miami Heat,Atlanta Hawks,Miami Heat,9
Golden State Warriors,Washington Wizards,Golden State Warriors,11
Sacramento Kings,Phoenix Suns,Sacramento Kings,15
New York Knicks,Milwaukee Bucks,Milwaukee Bucks,19
Los Angeles Clippers,Boston Celtics,Boston Celtics,37
Charlotte Hornets,Denver Nuggets,Denver Nuggets,7
Indiana Pacers,Orlando Magic,Orlando Magic,7
New Orleans Pelicans,Houston Rockets,Houston Rockets,2
Atlanta Hawks,Memphis Grizzlies,Memphis Grizzlies,6
Brooklyn Nets,Detroit Pistons,Brooklyn Nets,11
Toronto Raptors,Utah Jazz,Utah Jazz,7
Chicago Bulls,Cleveland Cavaliers,Cleveland Cavaliers,14
Oklahoma City Thunder,Los Angeles Lakers,Los Angeles Lakers,9
Dallas Mavericks,San Antonio Spurs,Dallas Mavericks,25
Golden State Warriors,Portland Trail Blazers,Golden State Warriors,20
Sacramento Kings,Minnesota Timberwolves,Minnesota Timberwolves,12
New York Knicks,Milwaukee Bucks,New York Knicks,7
Denver Nuggets,Golden State Warriors,Denver Nuggets,6
Los Angeles Lakers,Boston Celtics,Boston Celtics,11
Miami Heat,Philadelphia 76ers,Miami Heat,6
Phoenix Suns,Dallas Mavericks,Dallas Mavericks,14
Detroit Pistons,Brooklyn Nets,Brooklyn Nets,6
Washington Wizards,Orlando Magic,Orlando Magic,8
Chicago Bulls,Atlanta Hawks,Chicago Bulls,5
Houston Rockets,Indiana Pacers,Indiana Pacers,6
New Orleans Pelicans,Memphis Grizzlies,Memphis Grizzlies,1
Oklahoma City Thunder,Minnesota Timberwolves,Oklahoma City Thunder,23
San Antonio Spurs,Utah Jazz,Utah Jazz,12
Portland Trail Blazers,Sacramento Kings,Portland Trail Blazers,17
Los Angeles Clippers,Charlotte Hornets,Los Angeles Clippers,9
Orlando Magic,Philadelphia 76ers,Philadelphia 76ers,20
Washington Wizards,Toronto Raptors,Toronto Raptors,30
Brooklyn Nets,Milwaukee Bucks,Milwaukee Bucks,22
Houston Rockets,Phoenix Suns,Phoenix Suns,16
Oklahoma City Thunder,New York Knicks,Oklahoma City Thunder,9
Dallas Mavericks,Cleveland Cavaliers,Cleveland Cavaliers,3
Boston Celtics,Detroit Pistons,Boston Celtics,6
Chicago Bulls,Indiana Pacers,Indiana Pacers,16
Minnesota Timberwolves,Dallas Mavericks,Minnesota Timberwolves,8
New Orleans Pelicans,Utah Jazz,New Orleans Pelicans,7
Denver Nuggets,Memphis Grizzlies,Denver Nuggets,37
Golden State Warriors,Miami Heat,Miami Heat,12
Portland Trail Blazers,San Antonio Spurs,San Antonio Spurs,13
Los Angeles Lakers,Charlotte Hornets,Los Angeles Lakers,21
Orlando Magic,New York Knicks,Orlando Magic,9
Washington Wizards,Brooklyn Nets,Washington Wizards,6
Atlanta Hawks,Sacramento Kings,Sacramento Kings,7
Boston Celtics,Toronto Raptors,Boston Celtics,2
Cleveland Cavaliers,Milwaukee Bucks,Milwaukee Bucks,8
Houston Rockets,Philadelphia 76ers,Philadelphia 76ers,4
Denver Nuggets,Oklahoma City Thunder,Oklahoma City Thunder,26
Phoenix Suns,Charlotte Hornets,Phoenix Suns,14
Portland Trail Blazers,San Antonio Spurs,Portland Trail Blazers,6
Los Angeles Clippers,Memphis Grizzlies,Los Angeles Clippers,11
Utah Jazz,Miami Heat,Utah Jazz,8
Detroit Pistons,Toronto Raptors,Detroit Pistons,2
Indiana Pacers,New York Knicks,Indiana Pacers,14
Chicago Bulls,Philadelphia 76ers,Chicago Bulls,13
Minnesota Timberwolves,Los Angeles Lakers,Minnesota Timberwolves,2
Golden State Warriors,Dallas Mavericks,Dallas Mavericks,10
Washington Wizards,Atlanta Hawks,Atlanta Hawks,4
New Orleans Pelicans,Los Angeles Lakers,New Orleans Pelicans,20
Oklahoma City Thunder,Brooklyn Nets,Oklahoma City Thunder,16
San Antonio Spurs,Boston Celtics,Boston Celtics,33
Memphis Grizzlies,Sacramento Kings,Sacramento Kings,31
Phoenix Suns,Orlando Magic,Phoenix Suns,5
New York Knicks,Minnesota Timberwolves,New York Knicks,6
Toronto Raptors,Cleveland Cavaliers,Toronto Raptors,3
Houston Rockets,Detroit Pistons,Houston Rockets,23
Milwaukee Bucks,Indiana Pacers,Indiana Pacers,9
Denver Nuggets,Charlotte Hornets,Denver Nuggets,18
Phoenix Suns,Portland Trail Blazers,Phoenix Suns,21
Utah Jazz,Dallas Mavericks,Utah Jazz,37
Los Angeles Clippers,Miami Heat,Los Angeles Clippers,17
Philadelphia 76ers,Chicago Bulls,Philadelphia 76ers,13
Memphis Grizzlies,San Antonio Spurs,Memphis Grizzlies,8
New Orleans Pelicans,Brooklyn Nets,New Orleans Pelicans,27
Oklahoma City Thunder,Boston Celtics,Oklahoma City Thunder,4
Golden State Warriors,Orlando Magic,Golden State Warriors,6
Sacramento Kings,Charlotte Hornets,Charlotte Hornets,7
Cleveland Cavaliers,Washington Wizards,Cleveland Cavaliers,39
Indiana Pacers,Milwaukee Bucks,Indiana Pacers,12
Atlanta Hawks,Oklahoma City Thunder,Atlanta Hawks,3
Houston Rockets,Brooklyn Nets,Houston Rockets,11
Memphis Grizzlies,Toronto Raptors,Toronto Raptors,5
Minnesota Timberwolves,New Orleans Pelicans,New Orleans Pelicans,11
Dallas Mavericks,Portland Trail Blazers,Dallas Mavericks,29
New York Knicks,Chicago Bulls,New York Knicks,16
Phoenix Suns,Los Angeles Clippers,Los Angeles Clippers,9
Utah Jazz,Detroit Pistons,Utah Jazz,6
Los Angeles Lakers,Miami Heat,Miami Heat,14
Sacramento Kings,Orlando Magic,Sacramento Kings,3
San Antonio Spurs,Milwaukee Bucks,Milwaukee Bucks,4
Golden State Warriors,Denver Nuggets,Denver Nuggets,3
Boston Celtics,Utah Jazz,Boston Celtics,29
Indiana Pacers,Atlanta Hawks,Indiana Pacers,34
Brooklyn Nets,Oklahoma City Thunder,Brooklyn Nets,9
Cleveland Cavaliers,Washington Wizards,Cleveland Cavaliers,24
Philadelphia 76ers,New York Knicks,New York Knicks,36
Chicago Bulls,Charlotte Hornets,Chicago Bulls,13
Houston Rockets,Minnesota Timberwolves,Minnesota Timberwolves,27
New Orleans Pelicans,Los Angeles Clippers,Los Angeles Clippers,16
Dallas Mavericks,Portland Trail Blazers,Dallas Mavericks,36
Denver Nuggets,Orlando Magic,Orlando Magic,2
Phoenix Suns,Miami Heat,Phoenix Suns,16
Golden State Warriors,Detroit Pistons,Golden State Warriors,4
Los Angeles Lakers,Memphis Grizzlies,Memphis Grizzlies,14
Sacramento Kings,Toronto Raptors,Sacramento Kings,5
Indiana Pacers,Boston Celtics,Boston Celtics,17
Washington Wizards,New York Knicks,New York Knicks,16
Philadelphia 76ers,Utah Jazz,Utah Jazz,11
Houston Rockets,Milwaukee Bucks,Houston Rockets,4
Cleveland Cavaliers,San Antonio Spurs,Cleveland Cavaliers,2
Brooklyn Nets,Portland Trail Blazers,Portland Trail Blazers,7
Orlando Magic,Atlanta Hawks,Orlando Magic,7
Sacramento Kings,New Orleans Pelicans,New Orleans Pelicans,33
Dallas Mavericks,Minnesota Timberwolves,Dallas Mavericks,7
Denver Nuggets,Detroit Pistons,Denver Nuggets,17
Phoenix Suns,Memphis Grizzlies,Memphis Grizzlies,6
Golden State Warriors,Toronto Raptors,Toronto Raptors,15
Los Angeles Lakers,Los Angeles Clippers,Los Angeles Lakers,3
Charlotte Hornets,Chicago Bulls,Chicago Bulls,7
Indiana Pacers,Boston Celtics,Indiana Pacers,2
Washington Wizards,Oklahoma City Thunder,Oklahoma City Thunder,8
Miami Heat,Houston Rockets,Miami Heat,7
Milwaukee Bucks,Utah Jazz,Utah Jazz,16
Los Angeles Clippers,Phoenix Suns,Los Angeles Clippers,27
Detroit Pistons,Sacramento Kings,Sacramento Kings,21
Orlando Magic,Minnesota Timberwolves,Minnesota Timberwolves,21
New York Knicks,Portland Trail Blazers,New York Knicks,28
Dallas Mavericks,Memphis Grizzlies,Memphis Grizzlies,17
Los Angeles Lakers,Toronto Raptors,Los Angeles Lakers,1
Boston Celtics,Minnesota Timberwolves,Boston Celtics,7
Charlotte Hornets,Sacramento Kings,Sacramento Kings,25
Detroit Pistons,San Antonio Spurs,San Antonio Spurs,22
Indiana Pacers,Washington Wizards,Indiana Pacers,8
Atlanta Hawks,Philadelphia 76ers,Atlanta Hawks,7
Miami Heat,Oklahoma City Thunder,Oklahoma City Thunder,8
Chicago Bulls,Houston Rockets,Chicago Bulls,5
Golden State Warriors,New Orleans Pelicans,New Orleans Pelicans,36
Utah Jazz,Denver Nuggets,Utah Jazz,13
Los Angeles Clippers,Toronto Raptors,Los Angeles Clippers,6
Cleveland Cavaliers,Brooklyn Nets,Cleveland Cavaliers,9
Milwaukee Bucks,Boston Celtics,Milwaukee Bucks,33
Oklahoma City Thunder,Portland Trail Blazers,Oklahoma City Thunder,62
Dallas Mavericks,New York Knicks,Dallas Mavericks,4
Los Angeles Lakers,Phoenix Suns,Phoenix Suns,18
Atlanta Hawks,Indiana Pacers,Indiana Pacers,18
Detroit Pistons,Houston Rockets,Houston Rockets,2
Philadelphia 76ers,Sacramento Kings,Philadelphia 76ers,19
Chicago Bulls,Golden State Warriors,Golden State Warriors,9
Memphis Grizzlies,Los Angeles Clippers,Los Angeles Clippers,9
Miami Heat,Orlando Magic,Miami Heat,3
Minnesota Timberwolves,Portland Trail Blazers,Minnesota Timberwolves,23
San Antonio Spurs,Charlotte Hornets,San Antonio Spurs,36
Utah Jazz,Toronto Raptors,Utah Jazz,32
Denver Nuggets,New Orleans Pelicans,Denver Nuggets,12
Boston Celtics,Houston Rockets,Boston Celtics,32
Atlanta Hawks,Washington Wizards,Washington Wizards,28
Memphis Grizzlies,New York Knicks,New York Knicks,12
Milwaukee Bucks,Golden State Warriors,Milwaukee Bucks,11
Oklahoma City Thunder,Orlando Magic,Oklahoma City Thunder,12
Dallas Mavericks,New Orleans Pelicans,New Orleans Pelicans,10
San Antonio Spurs,Chicago Bulls,Chicago Bulls,6
Utah Jazz,Los Angeles Lakers,Utah Jazz,7
Denver Nuggets,Indiana Pacers,Denver Nuggets,8
Miami Heat,Charlotte Hornets,Miami Heat,17
Milwaukee Bucks,Sacramento Kings,Milwaukee Bucks,1
Minnesota Timberwolves,Los Angeles Clippers,Minnesota Timberwolves,4
Portland Trail Blazers,Phoenix Suns,Phoenix Suns,11
Philadelphia 76ers,Houston Rockets,Philadelphia 76ers,9
Dallas Mavericks,New Orleans Pelicans,Dallas Mavericks,5
New York Knicks,Orlando Magic,Orlando Magic,4
Washington Wizards,Detroit Pistons,Detroit Pistons,12
Atlanta Hawks,San Antonio Spurs,Atlanta Hawks,10
Memphis Grizzlies,Golden State Warriors,Memphis Grizzlies,9
Cleveland Cavaliers,Chicago Bulls,Cleveland Cavaliers,18
Brooklyn Nets,Miami Heat,Miami Heat,1
Toronto Raptors,Boston Celtics,Boston Celtics,9
Utah Jazz,Indiana Pacers,Utah Jazz,27
Los Angeles Lakers,Oklahoma City Thunder,Los Angeles Lakers,7
Philadelphia 76ers,Denver Nuggets,Philadelphia 76ers,5
Phoenix Suns,Sacramento Kings,Phoenix Suns,2
Los Angeles Clippers,Oklahoma City Thunder,Los Angeles Clippers,11
Detroit Pistons,Minnesota Timberwolves,Minnesota Timberwolves,7
Atlanta Hawks,Orlando Magic,Atlanta Hawks,2
Boston Celtics,San Antonio Spurs,Boston Celtics,19
Cleveland Cavaliers,Milwaukee Bucks,Cleveland Cavaliers,40
New York Knicks,Houston Rockets,New York Knicks,15
Toronto Raptors,Miami Heat,Toronto Raptors,24
New Orleans Pelicans,Charlotte Hornets,New Orleans Pelicans,20
Los Angeles Lakers,Dallas Mavericks,Los Angeles Lakers,17
Portland Trail Blazers,Brooklyn Nets,Portland Trail Blazers,2
New York Knicks,Washington Wizards,New York Knicks,4
Toronto Raptors,Chicago Bulls,Chicago Bulls,6
Utah Jazz,Oklahoma City Thunder,Oklahoma City Thunder,5
Minnesota Timberwolves,Memphis Grizzlies,Minnesota Timberwolves,15
Sacramento Kings,Indiana Pacers,Indiana Pacers,5
Charlotte Hornets,San Antonio Spurs,Charlotte Hornets,4
Orlando Magic,Philadelphia 76ers,Philadelphia 76ers,15
Boston Celtics,Denver Nuggets,Denver Nuggets,2
Miami Heat,Atlanta Hawks,Atlanta Hawks,1
New Orleans Pelicans,Phoenix Suns,Phoenix Suns,14
Portland Trail Blazers,Indiana Pacers,Portland Trail Blazers,3
Los Angeles Lakers,Brooklyn Nets,Brooklyn Nets,18
Detroit Pistons,Milwaukee Bucks,Milwaukee Bucks,6
Charlotte Hornets,Philadelphia 76ers,Philadelphia 76ers,8
Washington Wizards,San Antonio Spurs,San Antonio Spurs,4
Atlanta Hawks,Cleveland Cavaliers,Cleveland Cavaliers,21
New York Knicks,Toronto Raptors,New York Knicks,26
Chicago Bulls,Memphis Grizzlies,Chicago Bulls,29
Houston Rockets,Utah Jazz,Houston Rockets,1
Minnesota Timberwolves,Oklahoma City Thunder,Oklahoma City Thunder,5
Los Angeles Clippers,Brooklyn Nets,Los Angeles Clippers,11
Orlando Magic,Miami Heat,Orlando Magic,18
Washington Wizards,Denver Nuggets,Denver Nuggets,9
Houston Rockets,Boston Celtics,Boston Celtics,9
Phoenix Suns,Indiana Pacers,Phoenix Suns,7
Los Angeles Lakers,Portland Trail Blazers,Los Angeles Lakers,24
Detroit Pistons,Milwaukee Bucks,Milwaukee Bucks,9
Orlando Magic,Cleveland Cavaliers,Cleveland Cavaliers,27
Philadelphia 76ers,San Antonio Spurs,Philadelphia 76ers,10
Toronto Raptors,Memphis Grizzlies,Memphis Grizzlies,8
Minnesota Timberwolves,Charlotte Hornets,Charlotte Hornets,3
Dallas Mavericks,Boston Celtics,Boston Celtics,9
Phoenix Suns,Chicago Bulls,Phoenix Suns,2
Sacramento Kings,Atlanta Hawks,Sacramento Kings,15
Indiana Pacers,Denver Nuggets,Denver Nuggets,5
Brooklyn Nets,New York Knicks,New York Knicks,5
New Orleans Pelicans,Utah Jazz,New Orleans Pelicans,29
Oklahoma City Thunder,Portland Trail Blazers,Oklahoma City Thunder,2
Los Angeles Clippers,Los Angeles Lakers,Los Angeles Clippers,11
Detroit Pistons,Charlotte Hornets,Detroit Pistons,7
Washington Wizards,Minnesota Timberwolves,Minnesota Timberwolves,11
Miami Heat,Memphis Grizzlies,Memphis Grizzlies,9
Houston Rockets,Portland Trail Blazers,Portland Trail Blazers,6
Milwaukee Bucks,Cleveland Cavaliers,Milwaukee Bucks,10
Dallas Mavericks,Phoenix Suns,Phoenix Suns,23
San Antonio Spurs,Oklahoma City Thunder,Oklahoma City Thunder,26
Golden State Warriors,Atlanta Hawks,Golden State Warriors,22
Indiana Pacers,Philadelphia 76ers,Indiana Pacers,12
Washington Wizards,Utah Jazz,Utah Jazz,15
Brooklyn Nets,Minnesota Timberwolves,Minnesota Timberwolves,2
Miami Heat,Boston Celtics,Boston Celtics,33
New York Knicks,Denver Nuggets,New York Knicks,38
Golden State Warriors,Sacramento Kings,Sacramento Kings,1
Los Angeles Lakers,Chicago Bulls,Los Angeles Lakers,9
Atlanta Hawks,Dallas Mavericks,Dallas Mavericks,5
Charlotte Hornets,Houston Rockets,Houston Rockets,34
Indiana Pacers,Phoenix Suns,Indiana Pacers,2
Toronto Raptors,Los Angeles Clippers,Los Angeles Clippers,20
Memphis Grizzlies,Orlando Magic,Memphis Grizzlies,1
Milwaukee Bucks,Cleveland Cavaliers,Cleveland Cavaliers,12
New Orleans Pelicans,Oklahoma City Thunder,Oklahoma City Thunder,24
San Antonio Spurs,Portland Trail Blazers,San Antonio Spurs,16
Detroit Pistons,Washington Wizards,Washington Wizards,14
New York Knicks,Miami Heat,New York Knicks,16
Denver Nuggets,Philadelphia 76ers,Denver Nuggets,6
Brooklyn Nets,Houston Rockets,Brooklyn Nets,2
Boston Celtics,Los Angeles Clippers,Los Angeles Clippers,19
Charlotte Hornets,Utah Jazz,Utah Jazz,12
Milwaukee Bucks,New Orleans Pelicans,Milwaukee Bucks,24
Golden State Warriors,Los Angeles Lakers,Los Angeles Lakers,1
San Antonio Spurs,Minnesota Timberwolves,San Antonio Spurs,1
Dallas Mavericks,Sacramento Kings,Sacramento Kings,5
Detroit Pistons,Oklahoma City Thunder,Detroit Pistons,16
Indiana Pacers,Memphis Grizzlies,Indiana Pacers,6
Atlanta Hawks,Toronto Raptors,Atlanta Hawks,1
Orlando Magic,Phoenix Suns,Orlando Magic,15
Portland Trail Blazers,Chicago Bulls,Chicago Bulls,8
Charlotte Hornets,New York Knicks,New York Knicks,21
Cleveland Cavaliers,Los Angeles Clippers,Cleveland Cavaliers,10
Boston Celtics,New Orleans Pelicans,Boston Celtics,6
Brooklyn Nets,Utah Jazz,Brooklyn Nets,33
Miami Heat,Phoenix Suns,Phoenix Suns,13
Houston Rockets,Los Angeles Lakers,Houston Rockets,16
Memphis Grizzlies,Sacramento Kings,Sacramento Kings,9
Oklahoma City Thunder,Minnesota Timberwolves,Minnesota Timberwolves,6
San Antonio Spurs,Washington Wizards,Washington Wizards,5
Dallas Mavericks,Orlando Magic,Dallas Mavericks,2
Denver Nuggets,Milwaukee Bucks,Denver Nuggets,6
Portland Trail Blazers,Philadelphia 76ers,Portland Trail Blazers,26
Atlanta Hawks,Los Angeles Lakers,Atlanta Hawks,16
Boston Celtics,Indiana Pacers,Boston Celtics,5
New York Knicks,Utah Jazz,New York Knicks,15
Chicago Bulls,Toronto Raptors,Toronto Raptors,11
Golden State Warriors,Philadelphia 76ers,Golden State Warriors,12
Charlotte Hornets,Chicago Bulls,Chicago Bulls,7
Cleveland Cavaliers,Detroit Pistons,Cleveland Cavaliers,7
Washington Wizards,Los Angeles Clippers,Los Angeles Clippers,16
Miami Heat,Sacramento Kings,Miami Heat,9
Houston Rockets,New Orleans Pelicans,New Orleans Pelicans,11
Minnesota Timberwolves,Dallas Mavericks,Minnesota Timberwolves,34
Oklahoma City Thunder,Denver Nuggets,Oklahoma City Thunder,5
San Antonio Spurs,Orlando Magic,Orlando Magic,10
Brooklyn Nets,Phoenix Suns,Phoenix Suns,16
Portland Trail Blazers,Milwaukee Bucks,Portland Trail Blazers,3
Boston Celtics,Los Angeles Lakers,Los Angeles Lakers,9
New York Knicks,Indiana Pacers,New York Knicks,4
Memphis Grizzlies,Cleveland Cavaliers,Cleveland Cavaliers,7
Utah Jazz,Philadelphia 76ers,Philadelphia 76ers,3
Detroit Pistons,Los Angeles Clippers,Los Angeles Clippers,11
Washington Wizards,Miami Heat,Miami Heat,8
Atlanta Hawks,Phoenix Suns,Atlanta Hawks,9
Indiana Pacers,Sacramento Kings,Sacramento Kings,11
Houston Rockets,Toronto Raptors,Houston Rockets,29
Memphis Grizzlies,Golden State Warriors,Golden State Warriors,20
Minnesota Timberwolves,Orlando Magic,Orlando Magic,2
Oklahoma City Thunder,Charlotte Hornets,Oklahoma City Thunder,20
San Antonio Spurs,New Orleans Pelicans,New Orleans Pelicans,1
Denver Nuggets,Portland Trail Blazers,Denver Nuggets,12
Philadelphia 76ers,Brooklyn Nets,Brooklyn Nets,15
Atlanta Hawks,Golden State Warriors,Atlanta Hawks,7
Chicago Bulls,Sacramento Kings,Sacramento Kings,8
Dallas Mavericks,Milwaukee Bucks,Milwaukee Bucks,12
New York Knicks,Los Angeles Lakers,Los Angeles Lakers,8
San Antonio Spurs,Cleveland Cavaliers,Cleveland Cavaliers,16
Detroit Pistons,Orlando Magic,Orlando Magic,12
Washington Wizards,Phoenix Suns,Phoenix Suns,28
Boston Celtics,Memphis Grizzlies,Boston Celtics,40
Charlotte Hornets,Indiana Pacers,Indiana Pacers,16
Miami Heat,Los Angeles Clippers,Los Angeles Clippers,8
Minnesota Timberwolves,Houston Rockets,Minnesota Timberwolves,21
Oklahoma City Thunder,Toronto Raptors,Oklahoma City Thunder,8
Utah Jazz,Milwaukee Bucks,Utah Jazz,15
Denver Nuggets,Portland Trail Blazers,Denver Nuggets,9
Charlotte Hornets,Los Angeles Lakers,Los Angeles Lakers,6
Cleveland Cavaliers,Sacramento Kings,Cleveland Cavaliers,26
Philadelphia 76ers,Dallas Mavericks,Dallas Mavericks,16
Atlanta Hawks,Los Angeles Clippers,Los Angeles Clippers,5
Brooklyn Nets,Golden State Warriors,Golden State Warriors,11
New Orleans Pelicans,Toronto Raptors,New Orleans Pelicans,38
Indiana Pacers,Houston Rockets,Indiana Pacers,3
Brooklyn Nets,Dallas Mavericks,Dallas Mavericks,12
Miami Heat,Orlando Magic,Miami Heat,26
New York Knicks,Memphis Grizzlies,New York Knicks,10
Chicago Bulls,Minnesota Timberwolves,Chicago Bulls,6
Utah Jazz,Oklahoma City Thunder,Utah Jazz,7
Phoenix Suns,Milwaukee Bucks,Phoenix Suns,8
Charlotte Hornets,Toronto Raptors,Toronto Raptors,6
Washington Wizards,Cleveland Cavaliers,Cleveland Cavaliers,8
Boston Celtics,Atlanta Hawks,Boston Celtics,8
Miami Heat,San Antonio Spurs,Miami Heat,12
Philadelphia 76ers,Golden State Warriors,Golden State Warriors,23
Los Angeles Clippers,New Orleans Pelicans,New Orleans Pelicans,11
Sacramento Kings,Detroit Pistons,Detroit Pistons,13
Indiana Pacers,Golden State Warriors,Golden State Warriors,22
Orlando Magic,San Antonio Spurs,Orlando Magic,16
Brooklyn Nets,Cleveland Cavaliers,Cleveland Cavaliers,23
New York Knicks,Dallas Mavericks,Dallas Mavericks,14
Memphis Grizzlies,Chicago Bulls,Chicago Bulls,8
Milwaukee Bucks,Minnesota Timberwolves,Minnesota Timberwolves,24
Phoenix Suns,Utah Jazz,Phoenix Suns,14
Los Angeles Lakers,Denver Nuggets,Denver Nuggets,8
Portland Trail Blazers,Detroit Pistons,Detroit Pistons,6
Philadelphia 76ers,Atlanta Hawks,Atlanta Hawks,6
Boston Celtics,Washington Wizards,Boston Celtics,4
Toronto Raptors,Houston Rockets,Toronto Raptors,3
Milwaukee Bucks,Charlotte Hornets,Milwaukee Bucks,36
Sacramento Kings,Denver Nuggets,Sacramento Kings,29
Los Angeles Lakers,New Orleans Pelicans,Los Angeles Lakers,17
Dallas Mavericks,Oklahoma City Thunder,Dallas Mavericks,35
Los Angeles Clippers,Detroit Pistons,Los Angeles Clippers,6
Brooklyn Nets,San Antonio Spurs,Brooklyn Nets,20
Charlotte Hornets,Memphis Grizzlies,Charlotte Hornets,9
Orlando Magic,Chicago Bulls,Orlando Magic,6
Washington Wizards,Philadelphia 76ers,Philadelphia 76ers,6
Atlanta Hawks,Houston Rockets,Atlanta Hawks,9
New York Knicks,Indiana Pacers,Indiana Pacers,14
Toronto Raptors,Cleveland Cavaliers,Cleveland Cavaliers,24
Golden State Warriors,Phoenix Suns,Golden State Warriors,1
Portland Trail Blazers,New Orleans Pelicans,New Orleans Pelicans,9
Miami Heat,Boston Celtics,Boston Celtics,4
Oklahoma City Thunder,Sacramento Kings,Oklahoma City Thunder,14
Charlotte Hornets,Indiana Pacers,Charlotte Hornets,9
Cleveland Cavaliers,Philadelphia 76ers,Philadelphia 76ers,2
Atlanta Hawks,Chicago Bulls,Chicago Bulls,10
Toronto Raptors,San Antonio Spurs,San Antonio Spurs,23
Houston Rockets,New York Knicks,Houston Rockets,2
Memphis Grizzlies,New Orleans Pelicans,New Orleans Pelicans,9
Milwaukee Bucks,Denver Nuggets,Milwaukee Bucks,17
Dallas Mavericks,Washington Wizards,Dallas Mavericks,8
Utah Jazz,Golden State Warriors,Golden State Warriors,22
Los Angeles Clippers,Minnesota Timberwolves,Minnesota Timberwolves,21
Brooklyn Nets,Boston Celtics,Boston Celtics,8
Orlando Magic,Oklahoma City Thunder,Oklahoma City Thunder,14
Milwaukee Bucks,Miami Heat,Miami Heat,26
Phoenix Suns,Sacramento Kings,Phoenix Suns,5
Portland Trail Blazers,Minnesota Timberwolves,Minnesota Timberwolves,12
Los Angeles Lakers,Detroit Pistons,Los Angeles Lakers,14
Charlotte Hornets,Atlanta Hawks,Charlotte Hornets,23
Orlando Magic,New York Knicks,Orlando Magic,18
Philadelphia 76ers,Miami Heat,Miami Heat,5
Boston Celtics,Brooklyn Nets,Boston Celtics,50
Cleveland Cavaliers,Chicago Bulls,Cleveland Cavaliers,3
Toronto Raptors,Indiana Pacers,Indiana Pacers,2
Memphis Grizzlies,Houston Rockets,Memphis Grizzlies,8
New Orleans Pelicans,Washington Wizards,New Orleans Pelicans,7
Dallas Mavericks,San Antonio Spurs,Dallas Mavericks,23
Denver Nuggets,Sacramento Kings,Sacramento Kings,4
Phoenix Suns,Detroit Pistons,Phoenix Suns,16
Utah Jazz,Los Angeles Lakers,Los Angeles Lakers,16
Golden State Warriors,Los Angeles Clippers,Los Angeles Clippers,5
Memphis Grizzlies,Milwaukee Bucks,Memphis Grizzlies,3
Utah Jazz,Golden State Warriors,Golden State Warriors,3
Portland Trail Blazers,Minnesota Timberwolves,Minnesota Timberwolves,37
Cleveland Cavaliers,Orlando Magic,Orlando Magic,7
Indiana Pacers,Detroit Pistons,Indiana Pacers,14
Philadelphia 76ers,New York Knicks,New York Knicks,14
Toronto Raptors,Brooklyn Nets,Toronto Raptors,28
Dallas Mavericks,Phoenix Suns,Dallas Mavericks,10
Chicago Bulls,Boston Celtics,Boston Celtics,17
New Orleans Pelicans,Houston Rockets,New Orleans Pelicans,22
Oklahoma City Thunder,Los Angeles Clippers,Oklahoma City Thunder,22
Denver Nuggets,Washington Wizards,Denver Nuggets,20
Utah Jazz,Charlotte Hornets,Charlotte Hornets,8
Golden State Warriors,Los Angeles Lakers,Golden State Warriors,18
Sacramento Kings,San Antonio Spurs,Sacramento Kings,5
Atlanta Hawks,Toronto Raptors,Toronto Raptors,2
Philadelphia 76ers,Cleveland Cavaliers,Philadelphia 76ers,7
Houston Rockets,Phoenix Suns,Houston Rockets,4
Memphis Grizzlies,Los Angeles Clippers,Los Angeles Clippers,6
New Orleans Pelicans,Miami Heat,Miami Heat,11
Oklahoma City Thunder,Washington Wizards,Oklahoma City Thunder,41
Golden State Warriors,Charlotte Hornets,Golden State Warriors,13
Minnesota Timberwolves,Milwaukee Bucks,Milwaukee Bucks,5
Portland Trail Blazers,Denver Nuggets,Denver Nuggets,15
Los Angeles Lakers,San Antonio Spurs,Los Angeles Lakers,5
Detroit Pistons,Orlando Magic,Orlando Magic,3
New York Knicks,Boston Celtics,Boston Celtics,14
Minnesota Timberwolves,Brooklyn Nets,Minnesota Timberwolves,15
Philadelphia 76ers,Milwaukee Bucks,Milwaukee Bucks,21
Phoenix Suns,Los Angeles Lakers,Phoenix Suns,10
Indiana Pacers,Dallas Mavericks,Indiana Pacers,22
Washington Wizards,Cleveland Cavaliers,Cleveland Cavaliers,9
Atlanta Hawks,Orlando Magic,Atlanta Hawks,17
Golden State Warriors,Denver Nuggets,Denver Nuggets,16
Houston Rockets,Oklahoma City Thunder,Oklahoma City Thunder,13
New Orleans Pelicans,Chicago Bulls,Chicago Bulls,8
Utah Jazz,San Antonio Spurs,Utah Jazz,19
Portland Trail Blazers,Charlotte Hornets,Charlotte Hornets,13
Los Angeles Clippers,Sacramento Kings,Sacramento Kings,16
Indiana Pacers,Toronto Raptors,Toronto Raptors,8
New York Knicks,Detroit Pistons,New York Knicks,2
Memphis Grizzlies,Brooklyn Nets,Brooklyn Nets,25
Sacramento Kings,Miami Heat,Miami Heat,11
Cleveland Cavaliers,Dallas Mavericks,Cleveland Cavaliers,2
Orlando Magic,Brooklyn Nets,Orlando Magic,27
Washington Wizards,Golden State Warriors,Golden State Warriors,11
Atlanta Hawks,Utah Jazz,Atlanta Hawks,27
Boston Celtics,Philadelphia 76ers,Boston Celtics,18
New York Knicks,New Orleans Pelicans,New Orleans Pelicans,23
Chicago Bulls,Detroit Pistons,Detroit Pistons,10
Milwaukee Bucks,Charlotte Hornets,Milwaukee Bucks,38
Minnesota Timberwolves,San Antonio Spurs,Minnesota Timberwolves,9
Oklahoma City Thunder,Houston Rockets,Oklahoma City Thunder,17
Portland Trail Blazers,Miami Heat,Miami Heat,10
Indiana Pacers,New Orleans Pelicans,Indiana Pacers,9
Toronto Raptors,Dallas Mavericks,Dallas Mavericks,11
Chicago Bulls,Cleveland Cavaliers,Chicago Bulls,9
Minnesota Timberwolves,Memphis Grizzlies,Minnesota Timberwolves,9
Denver Nuggets,Sacramento Kings,Denver Nuggets,21
Los Angeles Clippers,Los Angeles Lakers,Los Angeles Lakers,4
Charlotte Hornets,Milwaukee Bucks,Milwaukee Bucks,12
Orlando Magic,Utah Jazz,Orlando Magic,8
Brooklyn Nets,Atlanta Hawks,Brooklyn Nets,27
New York Knicks,Golden State Warriors,Golden State Warriors,11
San Antonio Spurs,Oklahoma City Thunder,San Antonio Spurs,14
Phoenix Suns,Houston Rockets,Phoenix Suns,5
Denver Nuggets,Miami Heat,Denver Nuggets,6
Los Angeles Lakers,Washington Wizards,Los Angeles Lakers,3
Detroit Pistons,Cleveland Cavaliers,Cleveland Cavaliers,10
Philadelphia 76ers,Charlotte Hornets,Philadelphia 76ers,7
Boston Celtics,Dallas Mavericks,Boston Celtics,28
Toronto Raptors,Golden State Warriors,Golden State Warriors,15
Memphis Grizzlies,Portland Trail Blazers,Portland Trail Blazers,30
Minnesota Timberwolves,Sacramento Kings,Sacramento Kings,4
New Orleans Pelicans,Indiana Pacers,New Orleans Pelicans,27
Chicago Bulls,Milwaukee Bucks,Milwaukee Bucks,16
Los Angeles Clippers,Washington Wizards,Los Angeles Clippers,25
Brooklyn Nets,Atlanta Hawks,Brooklyn Nets,12
Miami Heat,Utah Jazz,Miami Heat,6
Memphis Grizzlies,Portland Trail Blazers,Portland Trail Blazers,7
Los Angeles Lakers,Denver Nuggets,Denver Nuggets,10
Phoenix Suns,Houston Rockets,Houston Rockets,9
Dallas Mavericks,Philadelphia 76ers,Philadelphia 76ers,4
Boston Celtics,Golden State Warriors,Boston Celtics,52
Minnesota Timberwolves,Los Angeles Clippers,Los Angeles Clippers,1
Orlando Magic,Detroit Pistons,Orlando Magic,22
Toronto Raptors,Charlotte Hornets,Toronto Raptors,5
Cleveland Cavaliers,New York Knicks,New York Knicks,9
San Antonio Spurs,Indiana Pacers,San Antonio Spurs,12
Phoenix Suns,Oklahoma City Thunder,Oklahoma City Thunder,8
Brooklyn Nets,Memphis Grizzlies,Memphis Grizzlies,4
Milwaukee Bucks,Los Angeles Clippers,Milwaukee Bucks,7
Minnesota Timberwolves,Portland Trail Blazers,Minnesota Timberwolves,5
Utah Jazz,Washington Wizards,Utah Jazz,12
Sacramento Kings,Chicago Bulls,Chicago Bulls,4
Los Angeles Lakers,Oklahoma City Thunder,Los Angeles Lakers,12
Charlotte Hornets,Orlando Magic,Orlando Magic,12
Brooklyn Nets,Philadelphia 76ers,Brooklyn Nets,5
Cleveland Cavaliers,Boston Celtics,Cleveland Cavaliers,1
Miami Heat,Detroit Pistons,Miami Heat,8
New York Knicks,Atlanta Hawks,Atlanta Hawks,16
Toronto Raptors,New Orleans Pelicans,New Orleans Pelicans,41
Houston Rockets,San Antonio Spurs,Houston Rockets,13
Dallas Mavericks,Indiana Pacers,Indiana Pacers,17
Denver Nuggets,Phoenix Suns,Phoenix Suns,10
Washington Wizards,Orlando Magic,Orlando Magic,10
Atlanta Hawks,Cleveland Cavaliers,Atlanta Hawks,11
Houston Rockets,Los Angeles Clippers,Los Angeles Clippers,6
Philadelphia 76ers,Memphis Grizzlies,Memphis Grizzlies,6
Utah Jazz,Chicago Bulls,Chicago Bulls,2
Golden State Warriors,Milwaukee Bucks,Golden State Warriors,35
Portland Trail Blazers,Oklahoma City Thunder,Oklahoma City Thunder,8
Los Angeles Lakers,Sacramento Kings,Sacramento Kings,10
Detroit Pistons,Brooklyn Nets,Detroit Pistons,6
Indiana Pacers,Minnesota Timberwolves,Minnesota Timberwolves,2
Dallas Mavericks,Miami Heat,Dallas Mavericks,6
Phoenix Suns,Toronto Raptors,Phoenix Suns,7
Denver Nuggets,Boston Celtics,Denver Nuggets,6
Golden State Warriors,Chicago Bulls,Chicago Bulls,3
Sacramento Kings,San Antonio Spurs,Sacramento Kings,2
Philadelphia 76ers,New Orleans Pelicans,New Orleans Pelicans,8
Washington Wizards,Charlotte Hornets,Washington Wizards,12
Cleveland Cavaliers,Minnesota Timberwolves,Cleveland Cavaliers,9
New York Knicks,Orlando Magic,New York Knicks,24
Memphis Grizzlies,Atlanta Hawks,Atlanta Hawks,7
Oklahoma City Thunder,Miami Heat,Oklahoma City Thunder,7
Los Angeles Lakers,Milwaukee Bucks,Los Angeles Lakers,1
Portland Trail Blazers,Houston Rockets,Houston Rockets,16
Los Angeles Clippers,Chicago Bulls,Los Angeles Clippers,10
Charlotte Hornets,Brooklyn Nets,Charlotte Hornets,11
Detroit Pistons,Dallas Mavericks,Dallas Mavericks,18
Golden State Warriors,San Antonio Spurs,San Antonio Spurs,13
Phoenix Suns,Boston Celtics,Boston Celtics,10
Denver Nuggets,Utah Jazz,Denver Nuggets,21
Portland Trail Blazers,Toronto Raptors,Portland Trail Blazers,10
Los Angeles Clippers,Milwaukee Bucks,Milwaukee Bucks,7
Atlanta Hawks,New Orleans Pelicans,New Orleans Pelicans,13
Miami Heat,Washington Wizards,Washington Wizards,2
Orlando Magic,Indiana Pacers,Indiana Pacers,14
Sacramento Kings,Houston Rockets,Houston Rockets,8
Cleveland Cavaliers,Brooklyn Nets,Brooklyn Nets,19
New York Knicks,Philadelphia 76ers,Philadelphia 76ers,6
Oklahoma City Thunder,Memphis Grizzlies,Oklahoma City Thunder,31
Los Angeles Lakers,Minnesota Timberwolves,Los Angeles Lakers,11
Detroit Pistons,Charlotte Hornets,Detroit Pistons,17
Cleveland Cavaliers,Phoenix Suns,Phoenix Suns,6
Chicago Bulls,Dallas Mavericks,Dallas Mavericks,35
San Antonio Spurs,Golden State Warriors,Golden State Warriors,10
Denver Nuggets,Toronto Raptors,Denver Nuggets,6
Portland Trail Blazers,Boston Celtics,Boston Celtics,22
New York Knicks,Philadelphia 76ers,New York Knicks,27
Memphis Grizzlies,Washington Wizards,Memphis Grizzlies,12
Oklahoma City Thunder,Indiana Pacers,Indiana Pacers,10
San Antonio Spurs,Houston Rockets,Houston Rockets,2
Utah Jazz,Boston Celtics,Boston Celtics,16
Los Angeles Clippers,Minnesota Timberwolves,Minnesota Timberwolves,18
Sacramento Kings,Milwaukee Bucks,Sacramento Kings,35
Detroit Pistons,Toronto Raptors,Detroit Pistons,9
Orlando Magic,Brooklyn Nets,Orlando Magic,8
Indiana Pacers,Chicago Bulls,Chicago Bulls,3
Miami Heat,Denver Nuggets,Denver Nuggets,12
Memphis Grizzlies,Charlotte Hornets,Charlotte Hornets,12
New Orleans Pelicans,Cleveland Cavaliers,Cleveland Cavaliers,21
Dallas Mavericks,Golden State Warriors,Dallas Mavericks,10
Portland Trail Blazers,Atlanta Hawks,Portland Trail Blazers,4
Sacramento Kings,Los Angeles Lakers,Sacramento Kings,13
Boston Celtics,Phoenix Suns,Boston Celtics,15
Chicago Bulls,Los Angeles Clippers,Los Angeles Clippers,15
Houston Rockets,Washington Wizards,Houston Rockets,16
Milwaukee Bucks,Philadelphia 76ers,Milwaukee Bucks,9
Oklahoma City Thunder,Dallas Mavericks,Oklahoma City Thunder,7
Portland Trail Blazers,New York Knicks,New York Knicks,12
Charlotte Hornets,Phoenix Suns,Phoenix Suns,11
Detroit Pistons,Miami Heat,Miami Heat,13
Toronto Raptors,Orlando Magic,Orlando Magic,10
New Orleans Pelicans,Los Angeles Clippers,New Orleans Pelicans,8
San Antonio Spurs,Denver Nuggets,Denver Nuggets,11
Utah Jazz,Atlanta Hawks,Utah Jazz,2
Houston Rockets,Cleveland Cavaliers,Houston Rockets,14
Indiana Pacers,Brooklyn Nets,Indiana Pacers,21
New Orleans Pelicans,Portland Trail Blazers,New Orleans Pelicans,19
Philadelphia 76ers,Charlotte Hornets,Philadelphia 76ers,11
Chicago Bulls,Washington Wizards,Chicago Bulls,29
Memphis Grizzlies,Oklahoma City Thunder,Oklahoma City Thunder,6
Los Angeles Lakers,Golden State Warriors,Golden State Warriors,7
Utah Jazz,Minnesota Timberwolves,Minnesota Timberwolves,19
Sacramento Kings,New York Knicks,New York Knicks,7
Milwaukee Bucks,Phoenix Suns,Milwaukee Bucks,11
Detroit Pistons,Miami Heat,Miami Heat,3
Dallas Mavericks,Denver Nuggets,Dallas Mavericks,2
Orlando Magic,Toronto Raptors,Orlando Magic,15
Washington Wizards,Boston Celtics,Boston Celtics,26
San Antonio Spurs,Brooklyn Nets,San Antonio Spurs,7
Los Angeles Clippers,Atlanta Hawks,Atlanta Hawks,17
Indiana Pacers,Cleveland Cavaliers,Cleveland Cavaliers,5
Boston Celtics,Detroit Pistons,Boston Celtics,25
Philadelphia 76ers,Miami Heat,Philadelphia 76ers,7
Chicago Bulls,Portland Trail Blazers,Chicago Bulls,3
Utah Jazz,Minnesota Timberwolves,Minnesota Timberwolves,10
Golden State Warriors,New York Knicks,New York Knicks,7
Sacramento Kings,Memphis Grizzlies,Sacramento Kings,10
Los Angeles Lakers,Atlanta Hawks,Los Angeles Lakers,31
Orlando Magic,Charlotte Hornets,Orlando Magic,20
Washington Wizards,Houston Rockets,Houston Rockets,23
Brooklyn Nets,New Orleans Pelicans,New Orleans Pelicans,13
San Antonio Spurs,Dallas Mavericks,Dallas Mavericks,6
Minnesota Timberwolves,Denver Nuggets,Denver Nuggets,3
Cleveland Cavaliers,Miami Heat,Miami Heat,3
Detroit Pistons,Indiana Pacers,Indiana Pacers,19
Boston Celtics,Milwaukee Bucks,Boston Celtics,3
Toronto Raptors,Sacramento Kings,Sacramento Kings,34
Oklahoma City Thunder,Utah Jazz,Oklahoma City Thunder,12
Golden State Warriors,Memphis Grizzlies,Golden State Warriors,21
Phoenix Suns,Philadelphia 76ers,Phoenix Suns,13
Portland Trail Blazers,Los Angeles Clippers,Los Angeles Clippers,13
Orlando Magic,New Orleans Pelicans,Orlando Magic,15
Washington Wizards,Sacramento Kings,Washington Wizards,7
Houston Rockets,Chicago Bulls,Houston Rockets,10
Milwaukee Bucks,Brooklyn Nets,Milwaukee Bucks,7
Dallas Mavericks,Utah Jazz,Dallas Mavericks,16
Denver Nuggets,New York Knicks,Denver Nuggets,13
Phoenix Suns,Atlanta Hawks,Phoenix Suns,13
Detroit Pistons,Boston Celtics,Boston Celtics,27
Toronto Raptors,Oklahoma City Thunder,Oklahoma City Thunder,20
Miami Heat,New Orleans Pelicans,New Orleans Pelicans,23
Minnesota Timberwolves,Cleveland Cavaliers,Minnesota Timberwolves,13
San Antonio Spurs,Memphis Grizzlies,Memphis Grizzlies,2
Golden State Warriors,Indiana Pacers,Indiana Pacers,12
Portland Trail Blazers,Los Angeles Clippers,Los Angeles Clippers,8
Los Angeles Lakers,Philadelphia 76ers,Los Angeles Lakers,7
New York Knicks,Brooklyn Nets,New York Knicks,12
Orlando Magic,Sacramento Kings,Sacramento Kings,2
Atlanta Hawks,Charlotte Hornets,Atlanta Hawks,41
Chicago Bulls,Boston Celtics,Boston Celtics,11
Houston Rockets,Utah Jazz,Houston Rockets,28
San Antonio Spurs,Phoenix Suns,Phoenix Suns,25
Washington Wizards,Toronto Raptors,Washington Wizards,3
Portland Trail Blazers,Denver Nuggets,Denver Nuggets,3
Detroit Pistons,New Orleans Pelicans,New Orleans Pelicans,13
Los Angeles Clippers,Philadelphia 76ers,Philadelphia 76ers,14
Miami Heat,Cleveland Cavaliers,Miami Heat,37
Milwaukee Bucks,Oklahoma City Thunder,Milwaukee Bucks,25
Minnesota Timberwolves,Golden State Warriors,Minnesota Timberwolves,4
Los Angeles Lakers,Indiana Pacers,Los Angeles Lakers,5
Cleveland Cavaliers,Charlotte Hornets,Cleveland Cavaliers,23
Atlanta Hawks,Boston Celtics,Atlanta Hawks,2
New York Knicks,Detroit Pistons,New York Knicks,25
Toronto Raptors,Brooklyn Nets,Brooklyn Nets,8
Chicago Bulls,Washington Wizards,Washington Wizards,2
Houston Rockets,Portland Trail Blazers,Houston Rockets,18
San Antonio Spurs,Phoenix Suns,San Antonio Spurs,2
Denver Nuggets,Memphis Grizzlies,Denver Nuggets,25
Utah Jazz,Dallas Mavericks,Dallas Mavericks,10
Sacramento Kings,Philadelphia 76ers,Sacramento Kings,12
Los Angeles Clippers,Indiana Pacers,Indiana Pacers,17
Miami Heat,Golden State Warriors,Golden State Warriors,21
Milwaukee Bucks,Los Angeles Lakers,Los Angeles Lakers,4
New Orleans Pelicans,Oklahoma City Thunder,Oklahoma City Thunder,7
Sacramento Kings,Dallas Mavericks,Dallas Mavericks,36
Charlotte Hornets,Cleveland Cavaliers,Charlotte Hornets,7
Orlando Magic,Golden State Warriors,Golden State Warriors,8
Washington Wizards,Brooklyn Nets,Brooklyn Nets,3
Atlanta Hawks,Portland Trail Blazers,Atlanta Hawks,14
Philadelphia 76ers,Los Angeles Clippers,Los Angeles Clippers,1
Toronto Raptors,New York Knicks,New York Knicks,44
Chicago Bulls,Indiana Pacers,Chicago Bulls,26
Memphis Grizzlies,Los Angeles Lakers,Los Angeles Lakers,12
Minnesota Timberwolves,Detroit Pistons,Minnesota Timberwolves,15
Oklahoma City Thunder,Houston Rockets,Houston Rockets,6
Utah Jazz,San Antonio Spurs,San Antonio Spurs,7
Denver Nuggets,Phoenix Suns,Phoenix Suns,7
Atlanta Hawks,Boston Celtics,Atlanta Hawks,1
New Orleans Pelicans,Milwaukee Bucks,New Orleans Pelicans,7
Charlotte Hornets,Golden State Warriors,Golden State Warriors,18
Indiana Pacers,Los Angeles Lakers,Indiana Pacers,19
Orlando Magic,Los Angeles Clippers,Los Angeles Clippers,3
Washington Wizards,Detroit Pistons,Detroit Pistons,9
Brooklyn Nets,Chicago Bulls,Brooklyn Nets,17
Cleveland Cavaliers,Philadelphia 76ers,Cleveland Cavaliers,3
Miami Heat,Portland Trail Blazers,Miami Heat,60
Oklahoma City Thunder,Phoenix Suns,Oklahoma City Thunder,25
San Antonio Spurs,New York Knicks,San Antonio Spurs,4
Denver Nuggets,Minnesota Timberwolves,Minnesota Timberwolves,13
Utah Jazz,Houston Rockets,Houston Rockets,1
Sacramento Kings,Dallas Mavericks,Dallas Mavericks,4
New Orleans Pelicans,Boston Celtics,Boston Celtics,12
Orlando Magic,Memphis Grizzlies,Orlando Magic,30
Atlanta Hawks,Milwaukee Bucks,Milwaukee Bucks,9
Denver Nuggets,Cleveland Cavaliers,Denver Nuggets,29
Brooklyn Nets,Los Angeles Lakers,Los Angeles Lakers,12
Charlotte Hornets,Los Angeles Clippers,Los Angeles Clippers,12
Toronto Raptors,Philadelphia 76ers,Philadelphia 76ers,15
Washington Wizards,Miami Heat,Miami Heat,12
Houston Rockets,Dallas Mavericks,Dallas Mavericks,18
Minnesota Timberwolves,Chicago Bulls,Chicago Bulls,8
New York Knicks,Oklahoma City Thunder,Oklahoma City Thunder,1
San Antonio Spurs,Golden State Warriors,Golden State Warriors,4
Sacramento Kings,Utah Jazz,Sacramento Kings,21
Charlotte Hornets,Boston Celtics,Boston Celtics,14
Detroit Pistons,Memphis Grizzlies,Memphis Grizzlies,2
Indiana Pacers,Brooklyn Nets,Indiana Pacers,22
Orlando Magic,Portland Trail Blazers,Orlando Magic,1
Chicago Bulls,Atlanta Hawks,Atlanta Hawks,12
New Orleans Pelicans,Phoenix Suns,Phoenix Suns,13
Toronto Raptors,Los Angeles Lakers,Los Angeles Lakers,17
Washington Wizards,Milwaukee Bucks,Washington Wizards,4
Miami Heat,New York Knicks,Miami Heat,10
Philadelphia 76ers,Oklahoma City Thunder,Philadelphia 76ers,4
Minnesota Timberwolves,Houston Rockets,Minnesota Timberwolves,7
Denver Nuggets,San Antonio Spurs,Denver Nuggets,5
Utah Jazz,Cleveland Cavaliers,Cleveland Cavaliers,16
Golden State Warriors,Dallas Mavericks,Golden State Warriors,4
Sacramento Kings,Los Angeles Clippers,Sacramento Kings,14
Charlotte Hornets,Portland Trail Blazers,Portland Trail Blazers,3
Washington Wizards,Los Angeles Lakers,Los Angeles Lakers,5
Atlanta Hawks,Detroit Pistons,Atlanta Hawks,8
Boston Celtics,Oklahoma City Thunder,Boston Celtics,35
Brooklyn Nets,Indiana Pacers,Brooklyn Nets,4
Milwaukee Bucks,Memphis Grizzlies,Memphis Grizzlies,10
Minnesota Timberwolves,Toronto Raptors,Minnesota Timberwolves,48
New Orleans Pelicans,Orlando Magic,Orlando Magic,9
Phoenix Suns,Cleveland Cavaliers,Phoenix Suns,21
Dallas Mavericks,Atlanta Hawks,Dallas Mavericks,14
Miami Heat,Philadelphia 76ers,Philadelphia 76ers,4
New York Knicks,Sacramento Kings,New York Knicks,11
Houston Rockets,Golden State Warriors,Golden State Warriors,23
Los Angeles Clippers,Denver Nuggets,Los Angeles Clippers,2
Charlotte Hornets,Orlando Magic,Charlotte Hornets,9
Indiana Pacers,Oklahoma City Thunder,Indiana Pacers,14
Washington Wizards,Portland Trail Blazers,Portland Trail Blazers,6
Boston Celtics,Sacramento Kings,Boston Celtics,1
Chicago Bulls,New York Knicks,Chicago Bulls,8
Houston Rockets,Miami Heat,Miami Heat,15
Memphis Grizzlies,Detroit Pistons,Memphis Grizzlies,18
Milwaukee Bucks,Toronto Raptors,Toronto Raptors,6
New Orleans Pelicans,San Antonio Spurs,San Antonio Spurs,2
Dallas Mavericks,Golden State Warriors,Dallas Mavericks,2
Phoenix Suns,Minnesota Timberwolves,Phoenix Suns,10
Los Angeles Clippers,Utah Jazz,Los Angeles Clippers,29
Los Angeles Lakers,Cleveland Cavaliers,Los Angeles Lakers,19
Brooklyn Nets,Detroit Pistons,Brooklyn Nets,10
Memphis Grizzlies,Philadelphia 76ers,Philadelphia 76ers,20
Denver Nuggets,Atlanta Hawks,Denver Nuggets,32
Dallas Mavericks,Houston Rockets,Dallas Mavericks,11
Los Angeles Clippers,Cleveland Cavaliers,Los Angeles Clippers,2
Indiana Pacers,Miami Heat,Indiana Pacers,2
Boston Celtics,Portland Trail Blazers,Boston Celtics,17
Charlotte Hornets,Oklahoma City Thunder,Oklahoma City Thunder,3
Orlando Magic,Chicago Bulls,Orlando Magic,15
Phoenix Suns,New Orleans Pelicans,New Orleans Pelicans,8
Toronto Raptors,Washington Wizards,Toronto Raptors,8
Milwaukee Bucks,New York Knicks,New York Knicks,13
San Antonio Spurs,Philadelphia 76ers,Philadelphia 76ers,7
Brooklyn Nets,Sacramento Kings,Sacramento Kings,30
Golden State Warriors,Utah Jazz,Golden State Warriors,8
Los Angeles Lakers,Minnesota Timberwolves,Minnesota Timberwolves,10
Charlotte Hornets,Dallas Mavericks,Dallas Mavericks,26
Philadelphia 76ers,Detroit Pistons,Philadelphia 76ers,18
Toronto Raptors,Indiana Pacers,Indiana Pacers,17
Atlanta Hawks,Miami Heat,Miami Heat,6
Milwaukee Bucks,Boston Celtics,Milwaukee Bucks,13
Chicago Bulls,New York Knicks,New York Knicks,11
Houston Rockets,Orlando Magic,Houston Rockets,12
Memphis Grizzlies,San Antonio Spurs,San Antonio Spurs,15
Minnesota Timberwolves,Washington Wizards,Minnesota Timberwolves,9
Oklahoma City Thunder,Sacramento Kings,Oklahoma City Thunder,7
Utah Jazz,Denver Nuggets,Denver Nuggets,16
Los Angeles Lakers,Golden State Warriors,Golden State Warriors,14
Phoenix Suns,Los Angeles Clippers,Los Angeles Clippers,13
Portland Trail Blazers,New Orleans Pelicans,New Orleans Pelicans,10
Cleveland Cavaliers,Memphis Grizzlies,Cleveland Cavaliers,12
Atlanta Hawks,Charlotte Hornets,Charlotte Hornets,1
Brooklyn Nets,Toronto Raptors,Brooklyn Nets,4
Miami Heat,Dallas Mavericks,Dallas Mavericks,19
Milwaukee Bucks,Orlando Magic,Milwaukee Bucks,18
Oklahoma City Thunder,San Antonio Spurs,Oklahoma City Thunder,38
Denver Nuggets,Minnesota Timberwolves,Denver Nuggets,9
Los Angeles Clippers,Phoenix Suns,Phoenix Suns,16
Detroit Pistons,Chicago Bulls,Chicago Bulls,22
Boston Celtics,New York Knicks,New York Knicks,9
Utah Jazz,Houston Rockets,Utah Jazz,3
Portland Trail Blazers,Golden State Warriors,Golden State Warriors,8
Sacramento Kings,New Orleans Pelicans,New Orleans Pelicans,12
Philadelphia 76ers,Orlando Magic,Philadelphia 76ers,12
Washington Wizards,Chicago Bulls,Chicago Bulls,2
Boston Celtics,Charlotte Hornets,Boston Celtics,33
Cleveland Cavaliers,Indiana Pacers,Cleveland Cavaliers,9
New York Knicks,Brooklyn Nets,New York Knicks,4
Memphis Grizzlies,Los Angeles Lakers,Los Angeles Lakers,3
Miami Heat,Toronto Raptors,Miami Heat,22
Minnesota Timberwolves,Atlanta Hawks,Minnesota Timberwolves,3
Oklahoma City Thunder,Milwaukee Bucks,Oklahoma City Thunder,18
San Antonio Spurs,Denver Nuggets,San Antonio Spurs,1
Dallas Mavericks,Detroit Pistons,Detroit Pistons,18
Golden State Warriors,New Orleans Pelicans,New Orleans Pelicans,5
Portland Trail Blazers,Houston Rockets,Houston Rockets,9
Los Angeles Clippers,Utah Jazz,Utah Jazz,1
Sacramento Kings,Phoenix Suns,Phoenix Suns,1
Boston Celtics,Washington Wizards,Boston Celtics,10
Cleveland Cavaliers,Charlotte Hornets,Charlotte Hornets,10
Indiana Pacers,Atlanta Hawks,Indiana Pacers,42
Miami Heat,Toronto Raptors,Miami Heat,15
New York Knicks,Chicago Bulls,New York Knicks,1
Orlando Magic,Milwaukee Bucks,Orlando Magic,25
Philadelphia 76ers,Brooklyn Nets,Philadelphia 76ers,21
Golden State Warriors,Utah Jazz,Golden State Warriors,7
Los Angeles Clippers,Houston Rockets,Houston Rockets,11
Memphis Grizzlies,Denver Nuggets,Denver Nuggets,15
Minnesota Timberwolves,Phoenix Suns,Phoenix Suns,19
New Orleans Pelicans,Los Angeles Lakers,Los Angeles Lakers,16
Oklahoma City Thunder,Dallas Mavericks,Oklahoma City Thunder,49
Sacramento Kings,Portland Trail Blazers,Sacramento Kings,39
San Antonio Spurs,Detroit Pistons,San Antonio Spurs,28
New Orleans Pelicans,Los Angeles Lakers,Los Angeles Lakers,4
Sacramento Kings,Golden State Warriors,Sacramento Kings,24
Philadelphia 76ers,Miami Heat,Philadelphia 76ers,1
Chicago Bulls,Atlanta Hawks,Chicago Bulls,15
Miami Heat,Chicago Bulls,Miami Heat,21
New Orleans Pelicans,Sacramento Kings,New Orleans Pelicans,7
